condition,role,metric,pt0_mean,pt1_mean,pt2_mean,mean,pretraining_sample_sd,pt0_ft_sample_sd,pt1_ft_sample_sd,pt2_ft_sample_sd,pretraining_seeds,fine_tuning_seeds_per_pretraining_seed
EP,source_test,accuracy,0.5144816342188548,0.5052108308557911,0.5031328921709664,0.5076084524152041,0.0060423446090073,0.0016197703801721051,0.005438814831235129,0.006140220965772299,3,3
EP,source_test,balanced_accuracy,0.5144816342188548,0.5052108308557911,0.5031328921709665,0.5076084524152041,0.006042344609007259,0.0016197703801720462,0.005438814831235079,0.006140220965772281,3,3
EP,source_test,auroc,0.5214200540780051,0.5144575529956991,0.5145376285430138,0.5168050785389059,0.003996886593735394,0.004274592075420955,0.007413065543404155,0.0010951484293104286,3,3
EP,source_test,cross_entropy,0.6936721279690787,0.6945600415647291,0.693424783322418,0.6938856509520752,0.0005969898385941041,0.00043687470535391516,0.0011146834680777367,0.00033882531351911427,3,3
EP,source_test,mcc,0.02995840753275586,0.012288777904855072,0.004098051293396401,0.015448412243669113,0.013216541645714437,0.004260556689736931,0.011852186207573116,0.014255753608308976,3,3
EP,source_test,predicted_positive_fraction,0.5323678910520764,0.7303474952846777,0.8046098270515648,0.689108404462773,0.14072815954189968,0.1439817003069096,0.2655510838091462,0.3128835333455188,3,3
EP,target,accuracy,0.6319571520483961,0.515403704910636,0.5576082687856684,0.5683230419149002,0.05901085732585011,0.00014253730486746152,0.13506014445619444,0.12471668554885432,3,3
EP,target,balanced_accuracy,0.5001139604660242,0.49747881355119067,0.5078562681579925,0.5018163473917358,0.005394115494006704,0.0007061481912685591,0.004599625529441166,0.014805317775422112,3,3
EP,target,auroc,0.547741817267978,0.5114247320001913,0.5542136471703788,0.5377933988128495,0.023064064855942725,0.030135072544867216,0.031603712579088984,0.039273249206305184,3,3
EP,target,cross_entropy,0.6575108072041699,0.6965278131275089,0.6726629098771152,0.6755671767362647,0.019669971080236322,0.009244926792389899,0.04662211025700372,0.028579146811281653,3,3
EP,target,mcc,-0.0021213499120515673,0.000357693075046097,0.027187054762853453,0.00847446597528266,0.01625291198162685,0.013875776425943344,0.015422189066887002,0.052556801394128674,3,3
EP,target,predicted_positive_fraction,0.0019468745561042455,0.43295816308625573,0.30998755002966266,0.24829752922400758,0.2220291123036729,0.001967777073265188,0.5132021329589855,0.5228099871094221,3,3
ES,source_test,accuracy,0.5075445158402864,0.5093667082254404,0.5084236437454046,0.5084449559370438,0.0009112831224502477,0.006573215535112502,0.0018412318259174172,0.0037642913006506458,3,3
ES,source_test,balanced_accuracy,0.5075445158402865,0.5093667082254404,0.5084236437454046,0.5084449559370438,0.0009112831224501928,0.0065732155351125405,0.0018412318259174172,0.00376429130065066,3,3
ES,source_test,auroc,0.5179543201286646,0.5161602391108945,0.5236559057400864,0.5192568216598819,0.003913903068946977,0.005014513292686463,0.002516740154286724,0.000709432929703284,3,3
ES,source_test,cross_entropy,0.6932850030982157,0.6945103133487137,0.6930351299496778,0.6936101487988692,0.000789513337561714,0.0007542316247594005,0.0017764266928906715,0.0002034648906720466,3,3
ES,source_test,mcc,0.015235024481344719,0.019683409195786997,0.022822876357347806,0.019247103344826506,0.0038126953877444317,0.013272286877754363,0.0027821576026137054,0.01063646951293044,3,3
ES,source_test,predicted_positive_fraction,0.6205364278635593,0.6433298168217129,0.5857069786771523,0.6165244077874749,0.02902016708733318,0.3285476363128713,0.08657135163879945,0.3952365812603743,3,3
ES,target,accuracy,0.5775699997493294,0.3715856583026262,0.6099566339959391,0.5197040973492982,0.12929241087037147,0.09049665947276152,0.003696377785244278,0.03148083725264784,3,3
ES,target,balanced_accuracy,0.5009226793919087,0.500827098338378,0.4954353075826124,0.49906169510429965,0.0031409073175653556,0.0010991245834244222,0.001013209338410953,0.01299037668241639,3,3
ES,target,auroc,0.5397124857689966,0.47167075110368417,0.513317368669318,0.5082335351806663,0.03430456873758138,0.048842751587984116,0.04821082992428432,0.04444818723380738,3,3
ES,target,cross_entropy,0.6776548232004647,0.7632254759276386,0.6771550377991901,0.7060117789757644,0.04954914515445751,0.019098037987999604,0.06307618494373651,0.010637221026429767,3,3
ES,target,mcc,0.003639950120975427,0.008163634704299996,-0.009402303363984064,0.0008004271537637864,0.009120729853783061,0.0007885713785746486,0.006643937212289364,0.038436496496634574,3,3
ES,target,predicted_positive_fraction,0.2102290293200979,0.9879761695869785,0.06861688349668697,0.4222740274679211,0.49500271227514037,0.3456015670656148,0.01097451366776769,0.07775413314071088,3,3
EE,source_test,accuracy,0.5016303826604008,0.5008471596176592,0.5027492727214603,0.5017422716665068,0.0009559800872290502,0.0014536785644216038,0.0013395246511008567,0.002277782544590153,3,3
EE,source_test,balanced_accuracy,0.5016303826604008,0.5008471596176592,0.5027492727214603,0.5017422716665068,0.0009559800872290502,0.0014536785644216038,0.0013395246511008567,0.002277782544590153,3,3
EE,source_test,auroc,0.5012157131647416,0.502037514605977,0.5016818547611012,0.5016450275106066,0.000412136612045579,0.0025684575154367962,0.0014583594034029432,0.0012206597622246736,3,3
EE,source_test,cross_entropy,0.6948059309289558,0.6944417054991349,0.6951898462651905,0.6948124942310937,0.0003741135645226019,0.0006606662134101083,0.0009911891704991135,0.0010711073773066978,3,3
EE,source_test,mcc,0.001614990320150448,0.004528992437486259,0.007114992109482583,0.004419658289039763,0.0027516304962106673,0.007429920514815609,0.008668836130000943,0.005424119988283222,3,3
EE,source_test,predicted_positive_fraction,0.5991816118410537,0.8450656948307279,0.4883795275087113,0.644208944726831,0.18255643242521574,0.4187432272716731,0.2610966196649264,0.33775342592066415,3,3
EE,target,accuracy,0.6095639168108022,0.466004896431287,0.5241938853098705,0.5332542328506533,0.07220710149459915,0.027310027509559645,0.09269119617927347,0.07932465031797933,3,3
EE,target,balanced_accuracy,0.513479131824954,0.48917245069931165,0.48711183025427635,0.496587804259514,0.014664557591242529,0.021197288259425098,0.009311409925538203,0.00701830786659333,3,3
EE,target,auroc,0.5318260537516766,0.4926268671336576,0.4896404599146698,0.5046977936000013,0.023541166733238472,0.03217104428062667,0.013862012021529327,0.029527420978800126,3,3
EE,target,cross_entropy,0.6792578500280514,0.700601321961187,0.6899694755028077,0.6899428824973487,0.010671760816804834,0.010456522357811185,0.015001516105202457,0.008642757663365539,3,3
EE,target,mcc,0.025939561173201408,-0.024379629790656925,-0.0295638971649949,-0.009334655260816805,0.03065814599462314,0.04603087037547035,0.016496444152061033,0.016013738550610643,3,3
EE,target,predicted_positive_fraction,0.13348206452259795,0.5903792645326248,0.3633385974147511,0.3623999754899913,0.228450046186445,0.17698256942545434,0.38059509576179834,0.28664422227111364,3,3
