condition,pt_seed,ft_seed,epoch,role,online_dropout_training_ce,rows,accuracy,balanced_accuracy,mcc,auroc,cross_entropy,predicted_positive_fraction,confusion_matrix
EP,0,0,1,train,0.7054788959316802,8044,0.4997513674788662,0.4997513674788662,-0.015770046120355822,0.5347205239408019,0.6954831760923167,0.9997513674788663,"[[0, 4022], [2, 4020]]"
EP,0,0,1,validation,0.7054788959316802,20276,0.5,0.5,0.0,0.5115707779885557,0.6967084813597735,1.0,"[[0, 10138], [0, 10138]]"
EP,0,0,2,train,0.7003618981754051,8044,0.5,0.5,0.0,0.5644363756672958,0.6991959274489449,1.0,"[[0, 4022], [0, 4022]]"
EP,0,0,2,validation,0.7003618981754051,20276,0.5,0.5,0.0,0.5169612786046152,0.7018381141921335,1.0,"[[0, 10138], [0, 10138]]"
EP,0,0,3,train,0.694073405329829,8044,0.5043510691198408,0.5043510691198408,0.03986397214586357,0.5994415411902859,0.6942158047348809,0.9879413227250124,"[[66, 3956], [31, 3991]]"
EP,0,0,3,validation,0.694073405329829,20276,0.49995068060761494,0.49995068060761494,-0.0009659158092486066,0.5182058708388064,0.7038876537294589,0.9973860722035904,"[[26, 10112], [27, 10111]]"
EP,0,0,4,train,0.6916669605087724,8044,0.5804326205867727,0.5804326205867727,0.16102479230734673,0.6173097009214117,0.6767656767452789,0.5222526106414719,"[[2245, 1777], [1598, 2424]]"
EP,0,0,4,validation,0.6916669605087724,20276,0.5150424146774512,0.5150424146774512,0.030188385234066917,0.5183147257139306,0.6944639130744809,0.541378970211087,"[[4802, 5336], [4497, 5641]]"
EP,0,0,5,train,0.6813403072788726,8044,0.5898806563898558,0.5898806563898558,0.19246487254272635,0.6302126902236606,0.6728657811902341,0.3213575335653904,"[[3091, 931], [2368, 1654]]"
EP,0,0,5,validation,0.6813403072788726,20276,0.5122805287038864,0.5122805287038864,0.026183287381221058,0.5163232156547398,0.6969890598612651,0.32674097455119355,"[[6950, 3188], [6701, 3437]]"
EP,0,1,1,train,0.7160083338255196,8044,0.5,0.5,0.0,0.5355117032848423,0.7202498242147878,1.0,"[[0, 4022], [0, 4022]]"
EP,0,1,1,validation,0.7160083338255196,20276,0.5,0.5,0.0,0.516967442312462,0.7204645928572353,1.0,"[[0, 10138], [0, 10138]]"
EP,0,1,2,train,0.6993628953120887,8044,0.5068373943311785,0.5068373943311785,0.042585747602904234,0.5529436742866991,0.6933927298377605,0.0264793635007459,"[[3943, 79], [3888, 134]]"
EP,0,1,2,validation,0.6993628953120887,20276,0.5046360228841981,0.5046360228841981,0.03012924511023556,0.520694836390967,0.6955032522690369,0.02426514105346222,"[[9939, 199], [9845, 293]]"
EP,0,1,3,train,0.6967640909195421,8044,0.5037294878170064,0.5037294878170064,0.03270489617825929,0.5901011616615823,0.6917693416969152,0.9868224763799105,"[[68, 3954], [38, 3984]]"
EP,0,1,3,validation,0.6967640909195421,20276,0.49980272243045964,0.49980272243045964,-0.0035730411334020627,0.5171751402941636,0.6967811275631466,0.9969421976721247,"[[29, 10109], [33, 10105]]"
EP,0,1,4,train,0.6926975770413965,8044,0.5712332173048235,0.5712332173048235,0.14713382462949934,0.6023307969766483,0.681629737215751,0.37506215813028343,"[[2800, 1222], [2227, 1795]]"
EP,0,1,4,validation,0.6926975770413965,20276,0.5166206352337739,0.5166206352337739,0.03421465390197229,0.5203585810741731,0.6930943760902577,0.381584138883409,"[[6438, 3700], [6101, 4037]]"
EP,0,1,5,train,0.6844898400645776,8044,0.5762058677274987,0.5762058677274987,0.1536275282392853,0.6101389523211596,0.6773787744487773,0.4372202884137245,"[[2570, 1452], [1957, 2065]]"
EP,0,1,5,validation,0.6844898400645776,20276,0.5152396922469915,0.5152396922469915,0.030559365416331346,0.5191105250988713,0.6943049310864746,0.4638488853817321,"[[5590, 4548], [5281, 4857]]"
EP,0,2,1,train,0.7082696134092084,8044,0.5,0.5,0.0,0.5351276272396399,0.7048603090212631,1.0,"[[0, 4022], [0, 4022]]"
EP,0,2,1,validation,0.7082696134092084,20276,0.5,0.5,0.0,0.5207614112464404,0.7053172026989987,1.0,"[[0, 10138], [0, 10138]]"
EP,0,2,2,train,0.69730587280668,8044,0.5,0.5,0.0,0.5547116419118023,0.6965776980516034,1.0,"[[0, 4022], [0, 4022]]"
EP,0,2,2,validation,0.69730587280668,20276,0.5,0.5,0.0,0.5194601148459796,0.6983691493384019,1.0,"[[0, 10138], [0, 10138]]"
EP,0,2,3,train,0.6977162656648902,8044,0.5003729487817007,0.5003729487817007,0.014963570640865424,0.5652305531906686,0.6957444694098817,0.0006215813028344107,"[[4021, 1], [4018, 4]]"
EP,0,2,3,validation,0.6977162656648902,20276,0.5000493193923851,0.5000493193923851,0.004054901999322252,0.5198566840143016,0.6993750654327068,0.00014795817715525746,"[[10137, 1], [10136, 2]]"
EP,0,2,4,train,0.6926959726064731,8044,0.531700646444555,0.531700646444555,0.11842066245209237,0.6121444870220252,0.6880461250421184,0.07769766285430134,"[[3837, 185], [3582, 440]]"
EP,0,2,4,validation,0.6926959726064731,20276,0.5080390609587689,0.508039060958769,0.03210402354289243,0.5225532356576502,0.6978244030821321,0.06722233182087196,"[[9538, 600], [9375, 763]]"
EP,0,2,5,train,0.6868331932950411,8044,0.5749627051218299,0.5749627051218299,0.15661590129156158,0.6182632146763165,0.6794920486116931,0.644579811039284,"[[1731, 2291], [1128, 2894]]"
EP,0,2,5,validation,0.6868331932950411,20276,0.51154073781811,0.51154073781811,0.02456523434497916,0.5218715305427437,0.6939924253875815,0.6711382915762478,"[[3451, 6687], [3217, 6921]]"
ES,0,0,1,train,0.7001133688583355,8044,0.5026106414719045,0.5026106414719045,0.005282594622465695,0.5078664807506995,0.6929815474180723,0.424042764793635,"[[2327, 1695], [2306, 1716]]"
ES,0,0,1,validation,0.7001133688583355,20276,0.5101104754389426,0.5101104754389426,0.020448741685311356,0.5142572400264785,0.6929481424483869,0.4255770368909055,"[[5926, 4212], [5721, 4417]]"
ES,0,0,2,train,0.698745986616238,8044,0.5,0.5,0.0,0.551627999013877,0.7001194929688325,1.0,"[[0, 4022], [0, 4022]]"
ES,0,0,2,validation,0.698745986616238,20276,0.5,0.5,0.0,0.5175630987577584,0.7008635659563774,1.0,"[[0, 10138], [0, 10138]]"
ES,0,0,3,train,0.6960532522984015,8044,0.5,0.5,0.0,0.5787165492822792,0.6954258196778347,1.0,"[[0, 4022], [0, 4022]]"
ES,0,0,3,validation,0.6960532522984015,20276,0.5,0.5,0.0,0.5221886866353808,0.6974678476120411,1.0,"[[0, 10138], [0, 10138]]"
ES,0,0,4,train,0.695742036293301,8044,0.5520885131775236,0.5520885131775236,0.12243448963731725,0.5901352234515238,0.6871793641862082,0.762680258577822,"[[1164, 2858], [745, 3277]]"
ES,0,0,4,validation,0.695742036293301,20276,0.5072006312882226,0.5072006312882225,0.018976626103991888,0.517719220077587,0.693406762030144,0.8256066285263366,"[[1841, 8297], [1695, 8443]]"
ES,0,0,5,train,0.6883300774610795,8044,0.5462456489308801,0.5462456489308801,0.12129380099758152,0.5968780360429374,0.6851274888278951,0.17652909000497266,"[[3498, 524], [3126, 896]]"
ES,0,0,5,validation,0.6883300774610795,20276,0.5081376997435392,0.5081376997435392,0.02324729549707174,0.5157043103066807,0.6949621596237474,0.14297691852436378,"[[8771, 1367], [8606, 1532]]"
ES,0,1,1,train,0.7033815812791894,8044,0.4997513674788662,0.4997513674788662,-0.002390238692549063,0.5338867209957368,0.6930145537272311,0.9890601690701144,"[[43, 3979], [45, 3977]]"
ES,0,1,1,validation,0.7033815812791894,20276,0.49847109883606233,0.49847109883606233,-0.01766727686008926,0.5137023798353291,0.6937064045360747,0.9924541329650819,"[[61, 10077], [92, 10046]]"
ES,0,1,2,train,0.6980134630191391,8044,0.5340626553953257,0.5340626553953257,0.06913839838680895,0.5477826331111261,0.691278754405155,0.41471904525111886,"[[2491, 1531], [2217, 1805]]"
ES,0,1,2,validation,0.6980134630191391,20276,0.5105050305780233,0.5105050305780232,0.02125446274100548,0.5162358924062379,0.6928681215401067,0.42439337147366346,"[[5942, 4196], [5729, 4409]]"
ES,0,1,3,train,0.6955895883594799,8044,0.502113376429637,0.5021133764296369,0.0341091190686486,0.5784371622411892,0.6915318257161955,0.9961461959224267,"[[24, 3998], [7, 4015]]"
ES,0,1,3,validation,0.6955895883594799,20276,0.5000986387847701,0.5000986387847702,0.0040558023661499505,0.5198744551467125,0.694272741981102,0.9994081672913789,"[[7, 10131], [5, 10133]]"
ES,0,1,4,train,0.6933752578742939,8044,0.5737195425161611,0.5737195425161611,0.14975769826346258,0.6015235449186609,0.6829747808055164,0.4123570363003481,"[[2660, 1362], [2067, 1955]]"
ES,0,1,4,validation,0.6933752578742939,20276,0.5104063917932531,0.5104063917932531,0.021216792844639735,0.5121790488730368,0.6935643858841641,0.40289011639376604,"[[6159, 3979], [5948, 4190]]"
ES,0,1,5,train,0.6855947620414609,8044,0.5750870213823969,0.5750870213823969,0.1503675869044401,0.6085342154698141,0.6777639519043492,0.47463948284435603,"[[2415, 1607], [1811, 2211]]"
ES,0,1,5,validation,0.6855947620414609,20276,0.50863089366739,0.50863089366739,0.017265456626345807,0.5102777031084275,0.6956500452188938,0.4896922469915171,"[[5261, 4877], [5086, 5052]]"
ES,0,2,1,train,0.7006288670533217,8044,0.5,0.5,0.0,0.5197519745329084,0.7103476656322039,1.0,"[[0, 4022], [0, 4022]]"
ES,0,2,1,validation,0.7006288670533217,20276,0.5,0.5,0.0,0.5115654948104013,0.7101988646479771,1.0,"[[0, 10138], [0, 10138]]"
ES,0,2,2,train,0.6976651469313168,8044,0.5001243162605669,0.5001243162605669,0.011150413311667513,0.5558418009747977,0.6928938166277733,0.9998756837394331,"[[1, 4021], [0, 4022]]"
ES,0,2,2,validation,0.6976651469313168,20276,0.49995068060761494,0.49995068060761494,-0.007022949872206235,0.5173482203239796,0.6942322456077091,0.9999506806076149,"[[0, 10138], [1, 10137]]"
ES,0,2,3,train,0.6959571206765292,8044,0.5009945300845351,0.500994530084535,0.022321651006080835,0.562646462605842,0.6949723081238112,0.001989060169070114,"[[4018, 4], [4010, 12]]"
ES,0,2,3,validation,0.6959571206765292,20276,0.5000493193923851,0.5000493193923851,0.00181394423718197,0.5153631366721022,0.6987780193372176,0.0007397908857762872,"[[10131, 7], [10130, 8]]"
ES,0,2,4,train,0.6926090466863536,8044,0.5279711586275485,0.5279711586275485,0.10670989083641516,0.6071425657145274,0.68791405017076,0.07421680755842865,"[[3836, 186], [3611, 411]]"
ES,0,2,4,validation,0.6926090466863536,20276,0.5020220950877885,0.5020220950877885,0.009281478686580805,0.5068200867873416,0.6968007501612332,0.04996054448609193,"[[9652, 486], [9611, 527]]"
ES,0,2,5,train,0.6861798225025346,8044,0.5789408254599702,0.5789408254599702,0.15996497399473028,0.6153782861590936,0.6766451441236896,0.5804326205867727,"[[2005, 2017], [1370, 2652]]"
ES,0,2,5,validation,0.6861798225025346,20276,0.5050305780232788,0.5050305780232788,0.010395369377208448,0.5083867777559792,0.6975043204778937,0.6257644505819688,"[[3845, 6293], [3743, 6395]]"
EE,0,0,1,train,0.7075031010266384,8044,0.5003729487817007,0.5003729487817007,0.019315484057810046,0.5499479367704379,0.6932898180319385,0.9996270512182993,"[[3, 4019], [0, 4022]]"
EE,0,0,1,validation,0.7075031010266384,20276,0.5,0.5,0.0,0.4939360790318306,0.6946048431141086,1.0,"[[0, 10138], [0, 10138]]"
EE,0,0,2,train,0.7004111091453954,8044,0.5,0.5,0.0,0.5648103135390855,0.6961554279675951,1.0,"[[0, 4022], [0, 4022]]"
EE,0,0,2,validation,0.7004111091453954,20276,0.5,0.5,0.0,0.4959646734990062,0.6994151824041334,1.0,"[[0, 10138], [0, 10138]]"
EE,0,0,3,train,0.6977226258450513,8044,0.5,0.5,0.0,0.5765645056119735,0.6981459335122518,1.0,"[[0, 4022], [0, 4022]]"
EE,0,0,3,validation,0.6977226258450513,20276,0.5,0.5,0.0,0.49797909192461454,0.7028385120357463,1.0,"[[0, 10138], [0, 10138]]"
EE,0,0,4,train,0.6952166944104957,8044,0.5491049229239184,0.5491049229239184,0.10897459840436788,0.5815766269110147,0.6872228212925049,0.7166832421680756,"[[1337, 2685], [942, 3080]]"
EE,0,0,4,validation,0.6952166944104957,20276,0.4996547642533044,0.4996547642533044,-0.0008681228219615397,0.4996956918571844,0.6949640804580928,0.8030676662063524,"[[1993, 8145], [2000, 8138]]"
EE,0,0,5,train,0.6892859027612156,8044,0.5443809050223769,0.5443809050223769,0.1057238001960375,0.5845974625882856,0.6868215937784274,0.2283689706613625,"[[3282, 740], [2925, 1097]]"
EE,0,0,5,validation,0.6892859027612156,20276,0.5004931939238508,0.5004931939238508,0.001245503442236149,0.49970134962531854,0.6964555614741627,0.1947129611363188,"[[8169, 1969], [8159, 1979]]"
EE,0,1,1,train,0.7163146648283683,8044,0.5,0.5,0.0,0.5337965901613726,0.7277661201033291,1.0,"[[0, 4022], [0, 4022]]"
EE,0,1,1,validation,0.7163146648283683,20276,0.5,0.5,0.0,0.5006612242861492,0.7283737902976183,1.0,"[[0, 10138], [0, 10138]]"
EE,0,1,2,train,0.7006276377334576,8044,0.5,0.5,0.0,0.5658563690354467,0.6976765665558664,0.0,"[[4022, 0], [4022, 0]]"
EE,0,1,2,validation,0.7006276377334576,20276,0.5,0.5,0.0,0.4992097124390455,0.7002157025946083,0.0,"[[10138, 0], [10138, 0]]"
EE,0,1,3,train,0.7006580438974306,8044,0.5,0.5,0.0,0.5777931409569596,0.7013105013584213,1.0,"[[0, 4022], [0, 4022]]"
EE,0,1,3,validation,0.7006580438974306,20276,0.5,0.5,0.0,0.5008761902864167,0.7056500428681615,1.0,"[[0, 10138], [0, 10138]]"
EE,0,1,4,train,0.6950954200319246,8044,0.5588015912481352,0.5588015912481352,0.11871432799272719,0.5834542598997409,0.6863797513229938,0.5682496270512183,"[[1973, 2049], [1500, 2522]]"
EE,0,1,4,validation,0.6950954200319246,20276,0.49980272243045964,0.49980272243045964,-0.00040811954055476347,0.5005001651893163,0.6944300291082708,0.6278358650621424,"[[3771, 6367], [3775, 6363]]"
EE,0,1,5,train,0.6883368988584844,8044,0.5624067628045748,0.5624067628045748,0.12616913018829998,0.5867048117501925,0.683897028650768,0.5730979612133267,"[[1968, 2054], [1466, 2556]]"
EE,0,1,5,validation,0.6883368988584844,20276,0.5013809429867824,0.5013809429867824,0.002873831043957585,0.5006708030870572,0.695975428349016,0.6381929374630104,"[[3682, 6456], [3654, 6484]]"
EE,0,2,1,train,0.7135261756338805,8044,0.5,0.5,0.0,0.5445544594239391,0.7076119282081434,1.0,"[[0, 4022], [0, 4022]]"
EE,0,2,1,validation,0.7135261756338805,20276,0.5,0.5,0.0,0.5012392652727924,0.7084003464342881,1.0,"[[0, 10138], [0, 10138]]"
EE,0,2,2,train,0.6998982152376881,8044,0.5,0.5,0.0,0.5684509996115348,0.6972255207512996,1.0,"[[0, 4022], [0, 4022]]"
EE,0,2,2,validation,0.6998982152376881,20276,0.5,0.5,0.0,0.49936959911789025,0.6989370029244015,1.0,"[[0, 10138], [0, 10138]]"
EE,0,2,3,train,0.6986429359058075,8044,0.5,0.5,0.0,0.5792325761271732,0.696426399567126,0.0,"[[4022, 0], [4022, 0]]"
EE,0,2,3,validation,0.6986429359058075,20276,0.5,0.5,0.0,0.49981410607399696,0.699841526952644,0.0,"[[10138, 0], [10138, 0]]"
EE,0,2,4,train,0.6942980873946347,8044,0.5387866732968672,0.5387866732968672,0.0956291573347335,0.5816322014103931,0.6876386314082181,0.20760815514669317,"[[3343, 679], [3031, 991]]"
EE,0,2,4,validation,0.6942980873946347,20276,0.4993095285066088,0.49930952850660876,-0.0018517072293208687,0.49833540969694173,0.6959725405413104,0.16689682383113041,"[[8439, 1699], [8453, 1685]]"
EE,0,2,5,train,0.6909741311746709,8044,0.5482347090999503,0.5482347090999502,0.11235931613052484,0.5855768163217668,0.6866348644636093,0.756340129288911,"[[1174, 2848], [786, 3236]]"
EE,0,2,5,validation,0.6909741311746709,20276,0.4979285855198264,0.4979285855198264,-0.005407739805235326,0.49875794232917753,0.6977779531671724,0.8213651607812191,"[[1790, 8348], [1832, 8306]]"
EP,1,0,1,train,0.705428081267749,8044,0.502113376429637,0.502113376429637,0.014651454490967688,0.5471152445735427,0.6923946942532021,0.9787419194430631,"[[94, 3928], [77, 3945]]"
EP,1,0,1,validation,0.705428081267749,20276,0.5009863878477017,0.5009863878477017,0.007914404789178231,0.516384283551032,0.6933617951173147,0.9842177944367725,"[[170, 9968], [150, 9988]]"
EP,1,0,2,train,0.6977954492054431,8044,0.5,0.5,0.0,0.5403462520038347,0.6970597992246866,1.0,"[[0, 4022], [0, 4022]]"
EP,1,0,2,validation,0.6977954492054431,20276,0.5,0.5,0.0,0.5170117850094033,0.6981699128937829,1.0,"[[0, 10138], [0, 10138]]"
EP,1,0,3,train,0.6948504306853914,8044,0.5,0.5,0.0,0.5784176586209958,0.7011945551304839,1.0,"[[0, 4022], [0, 4022]]"
EP,1,0,3,validation,0.6948504306853914,20276,0.5,0.5,0.0,0.5166748924031634,0.7061616774331679,1.0,"[[0, 10138], [0, 10138]]"
EP,1,0,4,train,0.6942431816172683,8044,0.5482347090999503,0.5482347090999503,0.10487865551441392,0.5843841591287698,0.6857822404786285,0.69617105917454,"[[1416, 2606], [1028, 2994]]"
EP,1,0,4,validation,0.6942431816172683,20276,0.5108502663247189,0.5108502663247189,0.02418539567099863,0.5171629393633979,0.6940214585554767,0.7207536003156441,"[[2941, 7197], [2721, 7417]]"
EP,1,0,5,train,0.688343406998062,8044,0.5661362506215813,0.5661362506215812,0.14163450082885068,0.5968451797065418,0.682897865913034,0.32123321730482346,"[[2996, 1026], [2464, 1558]]"
EP,1,0,5,validation,0.688343406998062,20276,0.5105050305780233,0.5105050305780233,0.02249377297661842,0.5175506205331118,0.6942627681391694,0.32141448017360424,"[[6986, 3152], [6773, 3365]]"
EP,1,1,1,train,0.7075803711128614,8044,0.5,0.5,0.0,0.5017858330648366,0.720326936694,1.0,"[[0, 4022], [0, 4022]]"
EP,1,1,1,validation,0.7075803711128614,20276,0.5,0.5,0.0,0.5068147355019181,0.7201541512895909,1.0,"[[0, 10138], [0, 10138]]"
EP,1,1,2,train,0.6995010310770089,8044,0.501118846345102,0.501118846345102,0.030276612561895445,0.5633504474767199,0.6940255441708922,0.0013674788662357037,"[[4021, 1], [4012, 10]]"
EP,1,1,2,validation,0.6995010310770089,20276,0.49995068060761494,0.4999506806076149,-0.002118021446706607,0.5065007269380712,0.6968028376995635,0.000542513316235944,"[[10132, 6], [10133, 5]]"
EP,1,1,3,train,0.6991719011345175,8044,0.5,0.5,0.0,0.5881729923511192,0.693619000339674,1.0,"[[0, 4022], [0, 4022]]"
EP,1,1,3,validation,0.6991719011345175,20276,0.5,0.5,0.0,0.5134399187445253,0.6972860317713271,1.0,"[[0, 10138], [0, 10138]]"
EP,1,1,4,train,0.693627401319444,8044,0.5634012928891099,0.5634012928891099,0.12825707541628814,0.5933993752906997,0.682828023548093,0.4249129786176032,"[[2568, 1454], [2058, 1964]]"
EP,1,1,4,validation,0.693627401319444,20276,0.5089268100217005,0.5089268100217006,0.017963775979016636,0.5077495077693075,0.6950161797034009,0.4447129611363188,"[[5720, 4418], [5539, 4599]]"
EP,1,1,5,train,0.6881196788446872,8044,0.5688712083540527,0.5688712083540527,0.1382314008843834,0.6029143601291851,0.6802701398004115,0.4579811039283938,"[[2457, 1565], [1903, 2119]]"
EP,1,1,5,validation,0.6881196788446872,20276,0.5052771749852042,0.5052771749852042,0.010561968803097179,0.5082220797850581,0.695470076393131,0.48101203393174197,"[[5315, 4823], [5208, 4930]]"
EP,1,2,1,train,0.7063566522773731,8044,0.5,0.5,0.0,0.5305363637734876,0.6988377417870744,1.0,"[[0, 4022], [0, 4022]]"
EP,1,2,1,validation,0.7063566522773731,20276,0.5,0.5,0.0,0.5114149826106574,0.6994328573243249,1.0,"[[0, 10138], [0, 10138]]"
EP,1,2,2,train,0.698724572988128,8044,0.5,0.5,0.0,0.5254185025621142,0.699750594976291,1.0,"[[0, 4022], [0, 4022]]"
EP,1,2,2,validation,0.698724572988128,20276,0.5,0.5,0.0,0.5192853613232674,0.6997519782906948,1.0,"[[0, 10138], [0, 10138]]"
EP,1,2,3,train,0.6982124803494245,8044,0.5004972650422675,0.5004972650422675,0.011929938390229133,0.564196490411637,0.6950565357407724,0.00174042764793635,"[[4017, 5], [4013, 9]]"
EP,1,2,3,validation,0.6982124803494245,20276,0.5003945551390807,0.5003945551390807,0.010624778998594698,0.5148859333620577,0.698861126163098,0.0013809429867824028,"[[10128, 10], [10120, 18]]"
EP,1,2,4,train,0.693324009587313,8044,0.5098209845847836,0.5098209845847836,0.06417796589307995,0.5933860225744977,0.6915473718249875,0.023993038289408256,"[[3965, 57], [3886, 136]]"
EP,1,2,4,validation,0.693324009587313,20276,0.5019727756954034,0.5019727756954034,0.01523239848826634,0.5154948707248143,0.6994601598306741,0.017064509765239693,"[[9985, 153], [9945, 193]]"
EP,1,2,5,train,0.6888703396224312,8044,0.5589259075087022,0.5589259075087021,0.12997248155432392,0.5988463871382681,0.6829956351510332,0.7108403779214322,"[[1400, 2622], [926, 3096]]"
EP,1,2,5,validation,0.6888703396224312,20276,0.5078911027816138,0.5078911027816138,0.018070711251610715,0.5138821538367295,0.6957336553771318,0.7435391595975538,"[[2680, 7458], [2520, 7618]]"
ES,1,0,1,train,0.7007132848657108,8044,0.5,0.5,0.0,0.5379005722133439,0.6960387345142236,1.0,"[[0, 4022], [0, 4022]]"
ES,1,0,1,validation,0.7007132848657108,20276,0.5,0.5,0.0,0.5119162764347176,0.6969307679164854,1.0,"[[0, 10138], [0, 10138]]"
ES,1,0,2,train,0.697425194695955,8044,0.5,0.5,0.0,0.5687170648454881,0.6964084528783019,1.0,"[[0, 4022], [0, 4022]]"
ES,1,0,2,validation,0.697425194695955,20276,0.5,0.5,0.0,0.5154313704260569,0.6986216610383178,1.0,"[[0, 10138], [0, 10138]]"
ES,1,0,3,train,0.6938548947910004,8044,0.5017404276479364,0.5017404276479364,0.033325399658739624,0.594837666825498,0.6959278429735661,0.9972650422675285,"[[18, 4004], [4, 4018]]"
ES,1,0,3,validation,0.6938548947910004,20276,0.5000493193923851,0.5000493193923851,0.004054901999322252,0.5124504028272534,0.7048722617364913,0.9998520418228447,"[[2, 10136], [1, 10137]]"
ES,1,0,4,train,0.6907338572935582,8044,0.582297364495276,0.582297364495276,0.16562540520456984,0.612563583038193,0.6765655903585629,0.5556936847339632,"[[2118, 1904], [1456, 2566]]"
ES,1,0,4,validation,0.6907338572935582,20276,0.5088774906293154,0.5088774906293154,0.017891942286462785,0.514253012510994,0.6961575249865178,0.5617478792661275,"[[4533, 5605], [4353, 5785]]"
ES,1,0,5,train,0.6822502994821891,8044,0.5803083043262058,0.5803083043262058,0.16978808527102549,0.6245856330708206,0.6738635928646538,0.3378915962207857,"[[2986, 1036], [2340, 1682]]"
ES,1,0,5,validation,0.6822502994821891,20276,0.5104063917932531,0.5104063917932531,0.022355703760627774,0.5152514212916788,0.6983525324653276,0.3174689287827974,"[[7025, 3113], [6814, 3324]]"
ES,1,1,1,train,0.7019134734116758,8044,0.5,0.5,0.0,0.5489630503142712,0.6973638747726608,1.0,"[[0, 4022], [0, 4022]]"
ES,1,1,1,validation,0.7019134734116758,20276,0.5,0.5,0.0,0.513124265876612,0.6986083776364315,1.0,"[[0, 10138], [0, 10138]]"
ES,1,1,2,train,0.6972769759058182,8044,0.5505967180507211,0.550596718050721,0.10318816232533976,0.574236867541797,0.689383482566999,0.5978368970661363,"[[1821, 2201], [1414, 2608]]"
ES,1,1,2,validation,0.6972769759058182,20276,0.5144999013612153,0.5144999013612153,0.02973469762897805,0.5160283744223191,0.6928458080551144,0.6104754389425923,"[[4096, 6042], [3802, 6336]]"
ES,1,1,3,train,0.6949589079971161,8044,0.5208851317752362,0.5208851317752362,0.07517588985460578,0.5966413035119373,0.6883338219502386,0.9157135753356539,"[[423, 3599], [255, 3767]]"
ES,1,1,3,validation,0.6949589079971161,20276,0.5009863878477017,0.5009863878477017,0.004955439718685168,0.5144021528357473,0.6946302981954233,0.9586703491812981,"[[429, 9709], [409, 9729]]"
ES,1,1,4,train,0.6903535734652761,8044,0.5768274490303331,0.5768274490303331,0.16976238551891012,0.6157835349140147,0.6788616494114929,0.2874191944306315,"[[3175, 847], [2557, 1465]]"
ES,1,1,4,validation,0.6903535734652761,20276,0.5101104754389426,0.5101104754389425,0.022211733059925857,0.5106061601429178,0.6965076124854496,0.293105148944565,"[[7269, 2869], [7064, 3074]]"
ES,1,1,5,train,0.681690184202199,8044,0.5919940328194928,0.5919940328194928,0.18447487869710913,0.6281071028784747,0.6696483065156069,0.46369965191447043,"[[2527, 1495], [1787, 2235]]"
ES,1,1,5,validation,0.681690184202199,20276,0.5081376997435392,0.5081376997435392,0.016280550392571216,0.5102058402099945,0.7007418005958914,0.4874235549418031,"[[5279, 4859], [5114, 5024]]"
ES,1,2,1,train,0.7019211901236031,8044,0.5,0.5,0.0,0.532374464067717,0.7058912704998376,1.0,"[[0, 4022], [0, 4022]]"
ES,1,2,1,validation,0.7019211901236031,20276,0.5,0.5,0.0,0.5143259018832672,0.7064302530860638,1.0,"[[0, 10138], [0, 10138]]"
ES,1,2,2,train,0.6969476362355961,8044,0.5,0.5,0.0,0.536377373476214,0.6949374610247866,1.0,"[[0, 4022], [0, 4022]]"
ES,1,2,2,validation,0.6969476362355961,20276,0.5,0.5,0.0,0.521604671668283,0.6954867548139685,1.0,"[[0, 10138], [0, 10138]]"
ES,1,2,3,train,0.69605736549312,8044,0.5007458975634013,0.5007458975634013,0.023663898444609973,0.5621834757169729,0.6953116339542924,0.000994530084535057,"[[4021, 1], [4015, 7]]"
ES,1,2,3,validation,0.69605736549312,20276,0.49995068060761494,0.4999506806076149,-0.0026548183979495125,0.5181517012359056,0.6979727274210031,0.0003452357466956007,"[[10134, 4], [10135, 3]]"
ES,1,2,4,train,0.6928527526805675,8044,0.5140477374440576,0.5140477374440576,0.07677248740001048,0.5880057743079398,0.6926958196824727,0.03468423669816012,"[[3939, 83], [3826, 196]]"
ES,1,2,4,validation,0.6928527526805675,20276,0.5033537186821858,0.5033537186821858,0.022014995986597802,0.5182722900205221,0.699031444064704,0.023771947129611365,"[[9931, 207], [9863, 275]]"
ES,1,2,5,train,0.6889375644735529,8044,0.5540775733465937,0.5540775733465937,0.11751540968278014,0.5936102678431234,0.6840829488125267,0.6955494778717056,"[[1442, 2580], [1007, 3015]]"
ES,1,2,5,validation,0.6889375644735529,20276,0.5076445058196883,0.5076445058196883,0.017286721394945987,0.516624196270983,0.6945233404824521,0.7333300453738409,"[[2781, 7357], [2626, 7512]]"
EE,1,0,1,train,0.7081352961353851,8044,0.5027349577324715,0.5027349577324715,0.021062248509374045,0.5413890002302107,0.6929513959817066,0.9828443560417702,"[[80, 3942], [58, 3964]]"
EE,1,0,1,validation,0.7081352961353851,20276,0.49980272243045964,0.4998027224304597,-0.0029353673474439607,0.5006593416066412,0.69423042295964,0.9954626159005721,"[[44, 10094], [48, 10090]]"
EE,1,0,2,train,0.7018922652135969,8044,0.5,0.5,0.0,0.5673056641974857,0.6953747647502777,1.0,"[[0, 4022], [0, 4022]]"
EE,1,0,2,validation,0.7018922652135969,20276,0.5,0.5,0.0,0.5056666853215719,0.6981470746697935,1.0,"[[0, 10138], [0, 10138]]"
EE,1,0,3,train,0.6977281450691774,8044,0.5,0.5,0.0,0.5749497542234765,0.6968273821382722,1.0,"[[0, 4022], [0, 4022]]"
EE,1,0,3,validation,0.6977281450691774,20276,0.5,0.5,0.0,0.5053065827310088,0.7016251172674175,1.0,"[[0, 10138], [0, 10138]]"
EE,1,0,4,train,0.6939107213726926,8044,0.5585529587270015,0.5585529587270015,0.12099072083831983,0.5813912343374494,0.6856967242483711,0.6256837394331178,"[[1741, 2281], [1270, 2752]]"
EE,1,0,4,validation,0.6939107213726926,20276,0.5032057605050306,0.5032057605050306,0.006718397284336393,0.50609885999718,0.6946210674302162,0.6493884395344249,"[[3587, 6551], [3522, 6616]]"
EE,1,0,5,train,0.688681440499219,8044,0.5529587270014918,0.5529587270014918,0.11827683678226862,0.5850477767603888,0.6860697118131039,0.27747389358528096,"[[3119, 903], [2693, 1329]]"
EE,1,0,5,validation,0.688681440499219,20276,0.5045373840994279,0.5045373840994279,0.01069896601047263,0.5060905509103587,0.6966383298956377,0.23515486289208917,"[[7800, 2338], [7708, 2430]]"
EE,1,1,1,train,0.7165779650122416,8044,0.5,0.5,0.0,0.5192612313034155,0.7266712016034695,1.0,"[[0, 4022], [0, 4022]]"
EE,1,1,1,validation,0.7165779650122416,20276,0.5,0.5,0.0,0.5020680528999667,0.7253952029821293,1.0,"[[0, 10138], [0, 10138]]"
EE,1,1,2,train,0.6992911826254182,8044,0.5,0.5,0.0,0.5592933235677171,0.6958096611787288,0.0,"[[4022, 0], [4022, 0]]"
EE,1,1,2,validation,0.6992911826254182,20276,0.5,0.5,0.0,0.5027123719889824,0.6975618750444882,0.0,"[[10138, 0], [10138, 0]]"
EE,1,1,3,train,0.6994527437567177,8044,0.5,0.5,0.0,0.571418949878107,0.7009870269586351,1.0,"[[0, 4022], [0, 4022]]"
EE,1,1,3,validation,0.6994527437567177,20276,0.5,0.5,0.0,0.5043970344771839,0.7045697908246628,1.0,"[[0, 10138], [0, 10138]]"
EE,1,1,4,train,0.6955144438561013,8044,0.556936847339632,0.556936847339632,0.11395297130163232,0.5770245252305755,0.6883114091588869,0.5186474390850323,"[[2165, 1857], [1707, 2315]]"
EE,1,1,4,validation,0.6955144438561013,20276,0.504044190175577,0.504044190175577,0.008130946495942521,0.5052032931927252,0.6935275910485776,0.551094890510949,"[[4592, 5546], [4510, 5628]]"
EE,1,1,5,train,0.6918400695287191,8044,0.5575584286424664,0.5575584286424664,0.11678315594978757,0.5785620348649311,0.6870029312440378,0.5841621084037792,"[[1904, 2118], [1441, 2581]]"
EE,1,1,5,validation,0.6918400695287191,20276,0.5010357072400868,0.5010357072400868,0.0021535401774873753,0.5048435749217516,0.6941010950349638,0.636762675083843,"[[3693, 6445], [3672, 6466]]"
EE,1,2,1,train,0.7110490632673687,8044,0.5,0.5,0.0,0.5510937667295316,0.710336419971857,1.0,"[[0, 4022], [0, 4022]]"
EE,1,2,1,validation,0.7110490632673687,20276,0.5,0.5,0.0,0.505367300361346,0.711135973423737,1.0,"[[0, 10138], [0, 10138]]"
EE,1,2,2,train,0.6989217120755792,8044,0.5016161113873695,0.5016161113873695,0.02120463861678521,0.5655415292964775,0.6926298714110888,0.9941571357533565,"[[30, 3992], [17, 4005]]"
EE,1,2,2,validation,0.6989217120755792,20276,0.5000493193923851,0.5000493193923851,0.0014651814129424167,0.5045869175432299,0.6955266921924496,0.998865653975143,"[[12, 10126], [11, 10127]]"
EE,1,2,3,train,0.6995473595948316,8044,0.5,0.5,0.0,0.5755725409798569,0.6977990050589428,0.0,"[[4022, 0], [4022, 0]]"
EE,1,2,3,validation,0.6995473595948316,20276,0.5,0.5,0.0,0.5041374338916793,0.7008735585122166,0.0,"[[10138, 0], [10138, 0]]"
EE,1,2,4,train,0.6940163714502772,8044,0.5433863749378419,0.5433863749378418,0.10820951152822915,0.5818397557837661,0.6872269985007149,0.2012680258577822,"[[3387, 635], [3038, 984]]"
EE,1,2,4,validation,0.6940163714502772,20276,0.5030084829354903,0.5030084829354902,0.007696034969913794,0.5040680374493463,0.696020114601752,0.18825212073387257,"[[8260, 1878], [8199, 1939]]"
EE,1,2,5,train,0.6897258690670911,8044,0.5553207359522625,0.5553207359522626,0.11951728688079824,0.5852168802565502,0.6849754310362616,0.6890850323222277,"[[1473, 2549], [1028, 2994]]"
EE,1,2,5,validation,0.6897258690670911,20276,0.5000493193923851,0.5000493193923851,0.00011552219306831194,0.5040551797699149,0.6979111563609088,0.7602584336160978,"[[2431, 7707], [2430, 7708]]"
EP,2,0,1,train,0.7008098075189501,8044,0.5002486325211337,0.5002486325211337,0.0010957583275047963,0.5268113268618817,0.6927333082327612,0.9455494778717056,"[[220, 3802], [218, 3804]]"
EP,2,0,1,validation,0.7008098075189501,20276,0.4976326691655159,0.4976326691655159,-0.01420163095372173,0.5150409941544114,0.6933903128502519,0.9713947524166502,"[[266, 9872], [314, 9824]]"
EP,2,0,2,train,0.6986998564446524,8044,0.5,0.5,0.0,0.5577609448381985,0.6970542252197128,1.0,"[[0, 4022], [0, 4022]]"
EP,2,0,2,validation,0.6986998564446524,20276,0.5,0.5,0.0,0.5137047489953304,0.6982227349556464,1.0,"[[0, 10138], [0, 10138]]"
EP,2,0,3,train,0.6955604734615211,8044,0.5003729487817007,0.5003729487817006,0.007308751757052683,0.5515903826814281,0.6937766753133406,0.9973893585280955,"[[12, 4010], [9, 4013]]"
EP,2,0,3,validation,0.6955604734615211,20276,0.5000986387847701,0.5000986387847701,0.005734921744300824,0.5164586177703696,0.6961196923360572,0.9997040836456895,"[[4, 10134], [2, 10136]]"
EP,2,0,4,train,0.6964060962348362,8044,0.5431377424167081,0.5431377424167081,0.09703796826667509,0.5742961202199439,0.6884592891939832,0.7288662357036301,"[[1264, 2758], [917, 3105]]"
EP,2,0,4,validation,0.6964060962348362,20276,0.50863089366739,0.50863089366739,0.020373531391522322,0.5175816774477879,0.6936378904255825,0.7655849279936872,"[[2464, 7674], [2289, 7849]]"
EP,2,0,5,train,0.6905156763734538,8044,0.5492292391844853,0.5492292391844853,0.11716138367237049,0.5860445013885588,0.6867017875569547,0.2289905519641969,"[[3299, 723], [2903, 1119]]"
EP,2,0,5,validation,0.6905156763734538,20276,0.5100118366541724,0.5100118366541724,0.024060611729404165,0.5159312339974674,0.6941019568153565,0.22277569540343262,"[[7981, 2157], [7778, 2360]]"
EP,2,1,1,train,0.7077892200381289,8044,0.5,0.5,0.0,0.5438403672887137,0.7106330357880986,1.0,"[[0, 4022], [0, 4022]]"
EP,2,1,1,validation,0.7077892200381289,20276,0.5,0.5,0.0,0.5199009342799491,0.7115467471671565,1.0,"[[0, 10138], [0, 10138]]"
EP,2,1,2,train,0.700887662536881,8044,0.5,0.5,0.0,0.5506851797955601,0.6947145631572964,0.0,"[[4022, 0], [4022, 0]]"
EP,2,1,2,validation,0.700887662536881,20276,0.5,0.5,0.0,0.5165354233106119,0.6957802694856027,0.0,"[[10138, 0], [10138, 0]]"
EP,2,1,3,train,0.6986115520893194,8044,0.49987568373943314,0.4998756837394331,-0.006438494685936682,0.5714026917097685,0.6925932245726374,0.9996270512182993,"[[1, 4021], [2, 4020]]"
EP,2,1,3,validation,0.6986115520893194,20276,0.5,0.5,0.0,0.5162480203649298,0.6949767258027809,1.0,"[[0, 10138], [0, 10138]]"
EP,2,1,4,train,0.694856699843243,8044,0.5599204375932372,0.5599204375932372,0.12152876589807526,0.5840045648980334,0.6866372875213504,0.4169567379413227,"[[2586, 1436], [2104, 1918]]"
EP,2,1,4,validation,0.694856699843243,20276,0.5099625172617873,0.5099625172617873,0.020116665514154745,0.5144526397813156,0.6930380743368064,0.4311501282304202,"[[5868, 4270], [5666, 4472]]"
EP,2,1,5,train,0.6889574772264755,8044,0.5602933863749379,0.5602933863749379,0.12102768344501869,0.5900517689752607,0.6838103158780142,0.5426404773744405,"[[2082, 1940], [1597, 2425]]"
EP,2,1,5,validation,0.6889574772264755,20276,0.5102091142237127,0.5102091142237127,0.020812096662343,0.5131769663084238,0.6940633289693822,0.5968139672519235,"[[4191, 5947], [3984, 6154]]"
EP,2,2,1,train,0.7089280742783264,8044,0.5,0.5,0.0,0.5365588096894232,0.7035825801230615,1.0,"[[0, 4022], [0, 4022]]"
EP,2,2,1,validation,0.7089280742783264,20276,0.5,0.5,0.0,0.5140821654266409,0.7041995914718718,1.0,"[[0, 10138], [0, 10138]]"
EP,2,2,2,train,0.698554686679584,8044,0.4997513674788662,0.4997513674788662,-0.005580412751520209,0.5613727000255433,0.6921376324171216,0.9980109398309299,"[[7, 4015], [9, 4013]]"
EP,2,2,2,validation,0.698554686679584,20276,0.49995068060761494,0.49995068060761494,-0.0017039880199430449,0.5162339854027053,0.6936924983426697,0.9991615703294535,"[[8, 10130], [9, 10129]]"
EP,2,2,3,train,0.6955225625659387,8044,0.5057185479860766,0.5057185479860766,0.050621022213540985,0.5729521013342578,0.6934597135953557,0.012928891098955743,"[[3993, 29], [3947, 75]]"
EP,2,2,3,validation,0.6955225625659387,20276,0.5004931939238508,0.5004931939238508,0.005644477063762594,0.5175299597065721,0.6985803876027339,0.007693825212073387,"[[10065, 73], [10055, 83]]"
EP,2,2,4,train,0.6909008081844943,8044,0.5420188960716061,0.5420188960716061,0.13055741084617162,0.6059787466794391,0.6861806906748624,0.11735454997513675,"[[3719, 303], [3381, 641]]"
EP,2,2,4,validation,0.6909008081844943,20276,0.5052278555928191,0.5052278555928191,0.018408574648335,0.5155273189737004,0.6990761413441229,0.08847898993884395,"[[9294, 844], [9188, 950]]"
EP,2,2,5,train,0.6852099660141203,8044,0.5658876181004475,0.5658876181004475,0.1345740053479474,0.6076423962092133,0.6772701460432793,0.6014420686225759,"[[1868, 2154], [1338, 2684]]"
EP,2,2,5,validation,0.6852099660141203,20276,0.5094200039455514,0.5094200039455514,0.01919811861564329,0.5149843678250208,0.6983189010339673,0.5961234957585323,"[[4190, 5948], [3999, 6139]]"
ES,2,0,1,train,0.6993236325084718,8044,0.49987568373943314,0.49987568373943314,-0.011150413311667513,0.5400413958929517,0.6935997292036324,0.9998756837394331,"[[0, 4022], [1, 4021]]"
ES,2,0,1,validation,0.6993236325084718,20276,0.5,0.5,0.0,0.516325380492934,0.694369304586407,1.0,"[[0, 10138], [0, 10138]]"
ES,2,0,2,train,0.6972021200300034,8044,0.5,0.5,0.0,0.5534221466172748,0.6991115138638618,1.0,"[[0, 4022], [0, 4022]]"
ES,2,0,2,validation,0.6972021200300034,20276,0.5,0.5,0.0,0.5185779700383281,0.7001792771514291,1.0,"[[0, 10138], [0, 10138]]"
ES,2,0,3,train,0.6955367201362185,8044,0.5008702138239681,0.5008702138239682,0.02166414485644304,0.570650674151441,0.6929246247970661,0.9983838886126305,"[[10, 4012], [3, 4019]]"
ES,2,0,3,validation,0.6955367201362185,20276,0.5000986387847701,0.5000986387847702,0.007023469506928842,0.5198584888569308,0.6960761536946779,0.9998027224304596,"[[3, 10135], [1, 10137]]"
ES,2,0,4,train,0.6951694595226893,8044,0.5483590253605172,0.5483590253605172,0.10760682171460624,0.5893705331764307,0.6858740027258492,0.7191695673794132,"[[1324, 2698], [935, 3087]]"
ES,2,0,4,validation,0.6951694595226893,20276,0.5119846123495758,0.5119846123495759,0.02702214671896069,0.5216964656725159,0.6934941932926472,0.7308640757545867,"[[2850, 7288], [2607, 7531]]"
ES,2,0,5,train,0.6874158950897664,8044,0.55581800099453,0.5558180009945302,0.1316789435007821,0.5985157528669394,0.6834222349115475,0.2348334162108404,"[[3302, 720], [2853, 1169]]"
ES,2,0,5,validation,0.6874158950897664,20276,0.5116886959952653,0.5116886959952653,0.028626018854908834,0.520689514294373,0.6947633293364546,0.2114322351548629,"[[8113, 2025], [7876, 2262]]"
ES,2,1,1,train,0.7031480854924551,8044,0.5,0.5,0.0,0.5353141016304902,0.7079156730110997,1.0,"[[0, 4022], [0, 4022]]"
ES,2,1,1,validation,0.7031480854924551,20276,0.5,0.5,0.0,0.5132976669835535,0.7082942954491854,1.0,"[[0, 10138], [0, 10138]]"
ES,2,1,2,train,0.6978087035475057,8044,0.5307061163600199,0.5307061163600199,0.08651716826245842,0.5532966558122272,0.6915048718274618,0.1478120338140229,"[[3551, 471], [3304, 718]]"
ES,2,1,2,validation,0.6978087035475057,20276,0.5056224107318997,0.5056224107318997,0.01691655944288617,0.51567392959989,0.6932131332667016,0.12645492207536002,"[[8913, 1225], [8799, 1339]]"
ES,2,1,3,train,0.6961523514076111,8044,0.5053455992043759,0.5053455992043759,0.037712987158792115,0.5834499635396666,0.6906352077237058,0.9794878170064645,"[[104, 3918], [61, 3961]]"
ES,2,1,3,validation,0.6961523514076111,20276,0.4999013612152298,0.4999013612152298,-0.0013192003710575562,0.5090696893425084,0.6941272144746583,0.9943775892681003,"[[56, 10082], [58, 10080]]"
ES,2,1,4,train,0.69334800580673,8044,0.5534559920437593,0.5534559920437594,0.12359506426595951,0.5932743790306967,0.685854936378889,0.24912978617603182,"[[3235, 787], [2805, 1217]]"
ES,2,1,4,validation,0.69334800580673,20276,0.5094200039455514,0.5094200039455514,0.0223917587759398,0.5133806265020329,0.693845910168442,0.2297790491221148,"[[7904, 2234], [7713, 2425]]"
ES,2,1,5,train,0.6856743128130176,8044,0.5707359522625559,0.5707359522625559,0.14410255243256345,0.5970092141159971,0.6805638649877418,0.40489806066633516,"[[2678, 1344], [2109, 1913]]"
ES,2,1,5,validation,0.6856743128130176,20276,0.5083842967054646,0.5083842967054646,0.017054959131048104,0.5105254530291214,0.6957103926831741,0.40875912408759124,"[[6079, 4059], [5909, 4229]]"
ES,2,2,1,train,0.7016851303590464,8044,0.5,0.5,0.0,0.5263337818032645,0.706945361188844,1.0,"[[0, 4022], [0, 4022]]"
ES,2,2,1,validation,0.7016851303590464,20276,0.5,0.5,0.0,0.511991734423994,0.7070218962803704,1.0,"[[0, 10138], [0, 10138]]"
ES,2,2,2,train,0.6986549250644454,8044,0.5170313276976628,0.5170313276976629,0.05049364594467766,0.539537979946693,0.6923228912333361,0.8690949776230731,"[[595, 3427], [458, 3564]]"
ES,2,2,2,validation,0.6986549250644454,20276,0.5072006312882226,0.5072006312882225,0.020753833276596675,0.5168468875814801,0.6932652510113207,0.8600315644111265,"[[1492, 8646], [1346, 8792]]"
ES,2,2,3,train,0.6961196695080686,8044,0.5064644455494779,0.5064644455494779,0.052060738251870894,0.5748935615427926,0.6934312320449114,0.01566384883142715,"[[3985, 37], [3933, 89]]"
ES,2,2,3,validation,0.6961196695080686,20276,0.5005918327086211,0.5005918327086211,0.006380091150886702,0.5142714306624607,0.6975303572071777,0.008680213059775104,"[[10056, 82], [10044, 94]]"
ES,2,2,4,train,0.6911192803107821,8044,0.5448781700646445,0.5448781700646445,0.12069756478656359,0.5873481839440511,0.6870116842535525,0.1657135753356539,"[[3536, 486], [3175, 847]]"
ES,2,2,4,validation,0.6911192803107821,20276,0.5045373840994279,0.5045373840994278,0.012811095848857328,0.5143564577230355,0.6977388669613034,0.1470704280923259,"[[8693, 1445], [8601, 1537]]"
ES,2,2,5,train,0.6864874352571799,8044,0.5657633018398807,0.5657633018398807,0.13521500497575126,0.5947782596020247,0.6812687732579399,0.615987071108901,"[[1809, 2213], [1280, 2742]]"
ES,2,2,5,validation,0.6864874352571799,20276,0.5078911027816138,0.5078911027816138,0.01683838462443392,0.5113574368331351,0.6997613695910001,0.6742947326888933,"[[3382, 6756], [3222, 6916]]"
EE,2,0,1,train,0.7105452014047194,8044,0.5,0.5,0.0,0.5449303136577763,0.7001005092896021,1.0,"[[0, 4022], [0, 4022]]"
EE,2,0,1,validation,0.7105452014047194,20276,0.5,0.5,0.0,0.5011825465121083,0.7017030496525798,1.0,"[[0, 10138], [0, 10138]]"
EE,2,0,2,train,0.7016079769924113,8044,0.5,0.5,0.0,0.5676750893457442,0.6946544758882883,1.0,"[[0, 4022], [0, 4022]]"
EE,2,0,2,validation,0.7016079769924113,20276,0.5,0.5,0.0,0.501165904014441,0.6972181110704032,1.0,"[[0, 10138], [0, 10138]]"
EE,2,0,3,train,0.6961551486764127,8044,0.5,0.5,0.0,0.57640118211102,0.6977566044716501,1.0,"[[0, 4022], [0, 4022]]"
EE,2,0,3,validation,0.6961551486764127,20276,0.5,0.5,0.0,0.5003619658108515,0.7032275037870508,1.0,"[[0, 10138], [0, 10138]]"
EE,2,0,4,train,0.6945652875480576,8044,0.5539532570860268,0.5539532570860268,0.11406815635855273,0.5787943783086609,0.6860282533926669,0.6621084037792143,"[[1576, 2446], [1142, 2880]]"
EE,2,0,4,validation,0.6945652875480576,20276,0.5002959163543105,0.5002959163543105,0.0006550097028606864,0.5012088602419769,0.6958085785140933,0.7142434405208128,"[[2900, 7238], [2894, 7244]]"
EE,2,0,5,train,0.6865585092168018,8044,0.5454997513674789,0.5454997513674789,0.10404622081912114,0.5799975754929192,0.6873228640208963,0.2575832918945798,"[[3169, 853], [2803, 1219]]"
EE,2,0,5,validation,0.6865585092168018,20276,0.5004931939238508,0.5004931939238508,0.0011668525007807267,0.5017428844736092,0.6992662215499182,0.23288617084237523,"[[7782, 2356], [7772, 2366]]"
EE,2,1,1,train,0.7184165264171845,8044,0.5,0.5,0.0,0.5240417200672285,0.7222693815590255,1.0,"[[0, 4022], [0, 4022]]"
EE,2,1,1,validation,0.7184165264171845,20276,0.5,0.5,0.0,0.5004422204977894,0.7230308036049646,1.0,"[[0, 10138], [0, 10138]]"
EE,2,1,2,train,0.6999635066575876,8044,0.5,0.5,0.0,0.5544804111944227,0.6963149891496594,0.0,"[[4022, 0], [4022, 0]]"
EE,2,1,2,validation,0.6999635066575876,20276,0.5,0.5,0.0,0.500853714887638,0.6984844288398679,0.0,"[[10138, 0], [10138, 0]]"
EE,2,1,3,train,0.701234009655953,8044,0.5,0.5,0.0,0.5698213530208419,0.7003388955359255,1.0,"[[0, 4022], [0, 4022]]"
EE,2,1,3,validation,0.701234009655953,20276,0.5,0.5,0.0,0.5006966060124086,0.7047093817558155,1.0,"[[0, 10138], [0, 10138]]"
EE,2,1,4,train,0.6958510343379964,8044,0.5584286424664346,0.5584286424664346,0.11815294505548084,0.578594613019739,0.6873830563019663,0.5738438587767279,"[[1949, 2073], [1479, 2543]]"
EE,2,1,4,validation,0.6958510343379964,20276,0.5026139277964096,0.5026139277964096,0.005414815695626715,0.5016857862581403,0.6940919367530732,0.6302525152890116,"[[3775, 6363], [3722, 6416]]"
EE,2,1,5,train,0.6892386004736268,8044,0.5605420188960716,0.5605420188960716,0.12148622466070391,0.5795492395009941,0.6853192264518887,0.5406514172053705,"[[2091, 1931], [1604, 2418]]"
EE,2,1,5,validation,0.6892386004736268,20276,0.5015782205563227,0.5015782205563227,0.0032062479469987955,0.5017232403913,0.6951987903971577,0.5877885184454528,"[[4195, 5943], [4163, 5975]]"
EE,2,2,1,train,0.7195210335623382,8044,0.5,0.5,0.0,0.5417328944905456,0.7098005164186793,1.0,"[[0, 4022], [0, 4022]]"
EE,2,2,1,validation,0.7195210335623382,20276,0.5,0.5,0.0,0.49557473992460954,0.7109652595860197,1.0,"[[0, 10138], [0, 10138]]"
EE,2,2,2,train,0.6995586739553853,8044,0.5,0.5,0.0,0.5622574102011288,0.6999960593890338,1.0,"[[0, 4022], [0, 4022]]"
EE,2,2,2,validation,0.6995586739553853,20276,0.5,0.5,0.0,0.4993937236855404,0.7016259003647405,1.0,"[[0, 10138], [0, 10138]]"
EE,2,2,3,train,0.6997631194874874,8044,0.5,0.5,0.0,0.576831034481906,0.6954397282705326,0.0,"[[4022, 0], [4022, 0]]"
EE,2,2,3,validation,0.6997631194874874,20276,0.5,0.5,0.0,0.49933990434859465,0.6988788789770594,0.0,"[[10138, 0], [10138, 0]]"
EE,2,2,4,train,0.6947418758076024,8044,0.531700646444555,0.531700646444555,0.08787745184244547,0.5827080841547521,0.6883764399159079,0.1537792143212332,"[[3531, 491], [3276, 746]]"
EE,2,2,4,validation,0.6947418758076024,20276,0.5,0.5,0.0,0.5007301731664288,0.6960169854137549,0.1085026632471888,"[[9038, 1100], [9038, 1100]]"
EE,2,2,5,train,0.6916430059325808,8044,0.5448781700646445,0.5448781700646445,0.10666405522814575,0.5854208800874158,0.6866127830285862,0.7701392342118349,"[[1105, 2917], [744, 3278]]"
EE,2,2,5,validation,0.6916430059325808,20276,0.4979285855198264,0.4979285855198264,-0.0053788767336543685,0.5012321675223989,0.69693939390444,0.8188991911619649,"[[1815, 8323], [1857, 8281]]"
