method,split,n,accuracy,auroc,mcc
negative_length_difference,train,99818,,0.49999999999999994,
negative_length_difference,validation,20276,,0.5,
negative_length_difference,test,20854,,0.5,
negative_composition_l1,train,99818,,0.9265885272071968,
negative_composition_l1,validation,20276,,0.9131323648038602,
negative_composition_l1,test,20854,,0.9226537540416376,
3mer_jaccard,train,99818,,0.9955555119855495,
3mer_jaccard,validation,20276,,0.9971082869772557,
3mer_jaccard,test,20854,,0.996595368187891,
global_identity,train,99818,,1.0,
global_identity,validation,20276,,1.0,
global_identity,test,20854,,1.0,
length_logistic,train,99818,0.5,0.5,0.0
length_logistic,validation,20276,0.5,0.5,0.0
length_logistic,test,20854,0.5,0.5,0.0
composition_logistic,train,99818,0.8444669298122583,0.9265885424626761,0.6890605470333538
composition_logistic,validation,20276,0.8257052673111067,0.9131323939926899,0.6533872583250312
composition_logistic,test,20854,0.8393593555193248,0.9226537080529245,0.6794879162825739
length_composition_kmer_logistic,train,99818,0.9867258410306758,0.9990409137027555,0.9734637973417378
length_composition_kmer_logistic,validation,20276,0.9871276385874926,0.9990884912297882,0.9742553956640537
length_composition_kmer_logistic,test,20854,0.9856622230747099,0.9990570382280902,0.9713495739776994
