condition,pt_seed,ft_seed,stage,epoch,role,accuracy,auroc,balanced_accuracy,confusion_matrix,cross_entropy,mcc,predicted_positive_fraction,rows
EP,0,0,best,4,train,0.5804326205867727,0.6173097009214117,0.5804326205867727,"[[2245, 1777], [1598, 2424]]",0.6767656767452789,0.16102479230734673,0.5222526106414719,8044
EP,0,0,best,4,validation,0.5150424146774512,0.5183147257139306,0.5150424146774512,"[[4802, 5336], [4497, 5641]]",0.6944639130744809,0.030188385234066917,0.541378970211087,20276
EP,0,0,final,5,train,0.5898806563898558,0.6302126902236606,0.5898806563898558,"[[3091, 931], [2368, 1654]]",0.6728657811902341,0.19246487254272635,0.3213575335653904,8044
EP,0,0,final,5,validation,0.5122805287038864,0.5163232156547398,0.5122805287038864,"[[6950, 3188], [6701, 3437]]",0.6969890598612651,0.026183287381221058,0.32674097455119355,20276
EP,0,1,best,4,train,0.5712332173048235,0.6023307969766483,0.5712332173048235,"[[2800, 1222], [2227, 1795]]",0.681629737215751,0.14713382462949934,0.37506215813028343,8044
EP,0,1,best,4,validation,0.5166206352337739,0.5203585810741731,0.5166206352337739,"[[6438, 3700], [6101, 4037]]",0.6930943760902577,0.03421465390197229,0.381584138883409,20276
EP,0,1,final,5,train,0.5762058677274987,0.6101389523211596,0.5762058677274987,"[[2570, 1452], [1957, 2065]]",0.6773787744487773,0.1536275282392853,0.4372202884137245,8044
EP,0,1,final,5,validation,0.5152396922469915,0.5191105250988713,0.5152396922469915,"[[5590, 4548], [5281, 4857]]",0.6943049310864746,0.030559365416331346,0.4638488853817321,20276
EP,0,2,best,5,train,0.5749627051218299,0.6182632146763165,0.5749627051218299,"[[1731, 2291], [1128, 2894]]",0.6794920486116931,0.15661590129156158,0.644579811039284,8044
EP,0,2,best,5,validation,0.51154073781811,0.5218715305427437,0.51154073781811,"[[3451, 6687], [3217, 6921]]",0.6939924253875815,0.02456523434497916,0.6711382915762478,20276
EP,0,2,final,5,train,0.5749627051218299,0.6182632146763165,0.5749627051218299,"[[1731, 2291], [1128, 2894]]",0.6794920486116931,0.15661590129156158,0.644579811039284,8044
EP,0,2,final,5,validation,0.51154073781811,0.5218715305427437,0.51154073781811,"[[3451, 6687], [3217, 6921]]",0.6939924253875815,0.02456523434497916,0.6711382915762478,20276
ES,0,0,best,1,train,0.5026106414719045,0.5078664807506995,0.5026106414719045,"[[2327, 1695], [2306, 1716]]",0.6929815474180723,0.005282594622465695,0.424042764793635,8044
ES,0,0,best,1,validation,0.5101104754389426,0.5142572400264785,0.5101104754389426,"[[5926, 4212], [5721, 4417]]",0.6929481424483869,0.020448741685311356,0.4255770368909055,20276
ES,0,0,final,5,train,0.5462456489308801,0.5968780360429374,0.5462456489308801,"[[3498, 524], [3126, 896]]",0.6851274888278951,0.12129380099758152,0.17652909000497266,8044
ES,0,0,final,5,validation,0.5081376997435392,0.5157043103066807,0.5081376997435392,"[[8771, 1367], [8606, 1532]]",0.6949621596237474,0.02324729549707174,0.14297691852436378,20276
ES,0,1,best,2,train,0.5340626553953257,0.5477826331111261,0.5340626553953257,"[[2491, 1531], [2217, 1805]]",0.691278754405155,0.06913839838680895,0.41471904525111886,8044
ES,0,1,best,2,validation,0.5105050305780233,0.5162358924062379,0.5105050305780232,"[[5942, 4196], [5729, 4409]]",0.6928681215401067,0.02125446274100548,0.42439337147366346,20276
ES,0,1,final,5,train,0.5750870213823969,0.6085342154698141,0.5750870213823969,"[[2415, 1607], [1811, 2211]]",0.6777639519043492,0.1503675869044401,0.47463948284435603,8044
ES,0,1,final,5,validation,0.50863089366739,0.5102777031084275,0.50863089366739,"[[5261, 4877], [5086, 5052]]",0.6956500452188938,0.017265456626345807,0.4896922469915171,20276
ES,0,2,best,2,train,0.5001243162605669,0.5558418009747977,0.5001243162605669,"[[1, 4021], [0, 4022]]",0.6928938166277733,0.011150413311667513,0.9998756837394331,8044
ES,0,2,best,2,validation,0.49995068060761494,0.5173482203239796,0.49995068060761494,"[[0, 10138], [1, 10137]]",0.6942322456077091,-0.007022949872206235,0.9999506806076149,20276
ES,0,2,final,5,train,0.5789408254599702,0.6153782861590936,0.5789408254599702,"[[2005, 2017], [1370, 2652]]",0.6766451441236896,0.15996497399473028,0.5804326205867727,8044
ES,0,2,final,5,validation,0.5050305780232788,0.5083867777559792,0.5050305780232788,"[[3845, 6293], [3743, 6395]]",0.6975043204778937,0.010395369377208448,0.6257644505819688,20276
EE,0,0,best,1,train,0.5003729487817007,0.5499479367704379,0.5003729487817007,"[[3, 4019], [0, 4022]]",0.6932898180319385,0.019315484057810046,0.9996270512182993,8044
EE,0,0,best,1,validation,0.5,0.4939360790318306,0.5,"[[0, 10138], [0, 10138]]",0.6946048431141086,0.0,1.0,20276
EE,0,0,final,5,train,0.5443809050223769,0.5845974625882856,0.5443809050223769,"[[3282, 740], [2925, 1097]]",0.6868215937784274,0.1057238001960375,0.2283689706613625,8044
EE,0,0,final,5,validation,0.5004931939238508,0.49970134962531854,0.5004931939238508,"[[8169, 1969], [8159, 1979]]",0.6964555614741627,0.001245503442236149,0.1947129611363188,20276
EE,0,1,best,4,train,0.5588015912481352,0.5834542598997409,0.5588015912481352,"[[1973, 2049], [1500, 2522]]",0.6863797513229938,0.11871432799272719,0.5682496270512183,8044
EE,0,1,best,4,validation,0.49980272243045964,0.5005001651893163,0.49980272243045964,"[[3771, 6367], [3775, 6363]]",0.6944300291082708,-0.00040811954055476347,0.6278358650621424,20276
EE,0,1,final,5,train,0.5624067628045748,0.5867048117501925,0.5624067628045748,"[[1968, 2054], [1466, 2556]]",0.683897028650768,0.12616913018829998,0.5730979612133267,8044
EE,0,1,final,5,validation,0.5013809429867824,0.5006708030870572,0.5013809429867824,"[[3682, 6456], [3654, 6484]]",0.695975428349016,0.002873831043957585,0.6381929374630104,20276
EE,0,2,best,4,train,0.5387866732968672,0.5816322014103931,0.5387866732968672,"[[3343, 679], [3031, 991]]",0.6876386314082181,0.0956291573347335,0.20760815514669317,8044
EE,0,2,best,4,validation,0.4993095285066088,0.49833540969694173,0.49930952850660876,"[[8439, 1699], [8453, 1685]]",0.6959725405413104,-0.0018517072293208687,0.16689682383113041,20276
EE,0,2,final,5,train,0.5482347090999503,0.5855768163217668,0.5482347090999502,"[[1174, 2848], [786, 3236]]",0.6866348644636093,0.11235931613052484,0.756340129288911,8044
EE,0,2,final,5,validation,0.4979285855198264,0.49875794232917753,0.4979285855198264,"[[1790, 8348], [1832, 8306]]",0.6977779531671724,-0.005407739805235326,0.8213651607812191,20276
EP,1,0,best,1,train,0.502113376429637,0.5471152445735427,0.502113376429637,"[[94, 3928], [77, 3945]]",0.6923946942532021,0.014651454490967688,0.9787419194430631,8044
EP,1,0,best,1,validation,0.5009863878477017,0.516384283551032,0.5009863878477017,"[[170, 9968], [150, 9988]]",0.6933617951173147,0.007914404789178231,0.9842177944367725,20276
EP,1,0,final,5,train,0.5661362506215813,0.5968451797065418,0.5661362506215812,"[[2996, 1026], [2464, 1558]]",0.682897865913034,0.14163450082885068,0.32123321730482346,8044
EP,1,0,final,5,validation,0.5105050305780233,0.5175506205331118,0.5105050305780233,"[[6986, 3152], [6773, 3365]]",0.6942627681391694,0.02249377297661842,0.32141448017360424,20276
EP,1,1,best,4,train,0.5634012928891099,0.5933993752906997,0.5634012928891099,"[[2568, 1454], [2058, 1964]]",0.682828023548093,0.12825707541628814,0.4249129786176032,8044
EP,1,1,best,4,validation,0.5089268100217005,0.5077495077693075,0.5089268100217006,"[[5720, 4418], [5539, 4599]]",0.6950161797034009,0.017963775979016636,0.4447129611363188,20276
EP,1,1,final,5,train,0.5688712083540527,0.6029143601291851,0.5688712083540527,"[[2457, 1565], [1903, 2119]]",0.6802701398004115,0.1382314008843834,0.4579811039283938,8044
EP,1,1,final,5,validation,0.5052771749852042,0.5082220797850581,0.5052771749852042,"[[5315, 4823], [5208, 4930]]",0.695470076393131,0.010561968803097179,0.48101203393174197,20276
EP,1,2,best,5,train,0.5589259075087022,0.5988463871382681,0.5589259075087021,"[[1400, 2622], [926, 3096]]",0.6829956351510332,0.12997248155432392,0.7108403779214322,8044
EP,1,2,best,5,validation,0.5078911027816138,0.5138821538367295,0.5078911027816138,"[[2680, 7458], [2520, 7618]]",0.6957336553771318,0.018070711251610715,0.7435391595975538,20276
EP,1,2,final,5,train,0.5589259075087022,0.5988463871382681,0.5589259075087021,"[[1400, 2622], [926, 3096]]",0.6829956351510332,0.12997248155432392,0.7108403779214322,8044
EP,1,2,final,5,validation,0.5078911027816138,0.5138821538367295,0.5078911027816138,"[[2680, 7458], [2520, 7618]]",0.6957336553771318,0.018070711251610715,0.7435391595975538,20276
ES,1,0,best,4,train,0.582297364495276,0.612563583038193,0.582297364495276,"[[2118, 1904], [1456, 2566]]",0.6765655903585629,0.16562540520456984,0.5556936847339632,8044
ES,1,0,best,4,validation,0.5088774906293154,0.514253012510994,0.5088774906293154,"[[4533, 5605], [4353, 5785]]",0.6961575249865178,0.017891942286462785,0.5617478792661275,20276
ES,1,0,final,5,train,0.5803083043262058,0.6245856330708206,0.5803083043262058,"[[2986, 1036], [2340, 1682]]",0.6738635928646538,0.16978808527102549,0.3378915962207857,8044
ES,1,0,final,5,validation,0.5104063917932531,0.5152514212916788,0.5104063917932531,"[[7025, 3113], [6814, 3324]]",0.6983525324653276,0.022355703760627774,0.3174689287827974,20276
ES,1,1,best,2,train,0.5505967180507211,0.574236867541797,0.550596718050721,"[[1821, 2201], [1414, 2608]]",0.689383482566999,0.10318816232533976,0.5978368970661363,8044
ES,1,1,best,2,validation,0.5144999013612153,0.5160283744223191,0.5144999013612153,"[[4096, 6042], [3802, 6336]]",0.6928458080551144,0.02973469762897805,0.6104754389425923,20276
ES,1,1,final,5,train,0.5919940328194928,0.6281071028784747,0.5919940328194928,"[[2527, 1495], [1787, 2235]]",0.6696483065156069,0.18447487869710913,0.46369965191447043,8044
ES,1,1,final,5,validation,0.5081376997435392,0.5102058402099945,0.5081376997435392,"[[5279, 4859], [5114, 5024]]",0.7007418005958914,0.016280550392571216,0.4874235549418031,20276
ES,1,2,best,5,train,0.5540775733465937,0.5936102678431234,0.5540775733465937,"[[1442, 2580], [1007, 3015]]",0.6840829488125267,0.11751540968278014,0.6955494778717056,8044
ES,1,2,best,5,validation,0.5076445058196883,0.516624196270983,0.5076445058196883,"[[2781, 7357], [2626, 7512]]",0.6945233404824521,0.017286721394945987,0.7333300453738409,20276
ES,1,2,final,5,train,0.5540775733465937,0.5936102678431234,0.5540775733465937,"[[1442, 2580], [1007, 3015]]",0.6840829488125267,0.11751540968278014,0.6955494778717056,8044
ES,1,2,final,5,validation,0.5076445058196883,0.516624196270983,0.5076445058196883,"[[2781, 7357], [2626, 7512]]",0.6945233404824521,0.017286721394945987,0.7333300453738409,20276
EE,1,0,best,1,train,0.5027349577324715,0.5413890002302107,0.5027349577324715,"[[80, 3942], [58, 3964]]",0.6929513959817066,0.021062248509374045,0.9828443560417702,8044
EE,1,0,best,1,validation,0.49980272243045964,0.5006593416066412,0.4998027224304597,"[[44, 10094], [48, 10090]]",0.69423042295964,-0.0029353673474439607,0.9954626159005721,20276
EE,1,0,final,5,train,0.5529587270014918,0.5850477767603888,0.5529587270014918,"[[3119, 903], [2693, 1329]]",0.6860697118131039,0.11827683678226862,0.27747389358528096,8044
EE,1,0,final,5,validation,0.5045373840994279,0.5060905509103587,0.5045373840994279,"[[7800, 2338], [7708, 2430]]",0.6966383298956377,0.01069896601047263,0.23515486289208917,20276
EE,1,1,best,4,train,0.556936847339632,0.5770245252305755,0.556936847339632,"[[2165, 1857], [1707, 2315]]",0.6883114091588869,0.11395297130163232,0.5186474390850323,8044
EE,1,1,best,4,validation,0.504044190175577,0.5052032931927252,0.504044190175577,"[[4592, 5546], [4510, 5628]]",0.6935275910485776,0.008130946495942521,0.551094890510949,20276
EE,1,1,final,5,train,0.5575584286424664,0.5785620348649311,0.5575584286424664,"[[1904, 2118], [1441, 2581]]",0.6870029312440378,0.11678315594978757,0.5841621084037792,8044
EE,1,1,final,5,validation,0.5010357072400868,0.5048435749217516,0.5010357072400868,"[[3693, 6445], [3672, 6466]]",0.6941010950349638,0.0021535401774873753,0.636762675083843,20276
EE,1,2,best,2,train,0.5016161113873695,0.5655415292964775,0.5016161113873695,"[[30, 3992], [17, 4005]]",0.6926298714110888,0.02120463861678521,0.9941571357533565,8044
EE,1,2,best,2,validation,0.5000493193923851,0.5045869175432299,0.5000493193923851,"[[12, 10126], [11, 10127]]",0.6955266921924496,0.0014651814129424167,0.998865653975143,20276
EE,1,2,final,5,train,0.5553207359522625,0.5852168802565502,0.5553207359522626,"[[1473, 2549], [1028, 2994]]",0.6849754310362616,0.11951728688079824,0.6890850323222277,8044
EE,1,2,final,5,validation,0.5000493193923851,0.5040551797699149,0.5000493193923851,"[[2431, 7707], [2430, 7708]]",0.6979111563609088,0.00011552219306831194,0.7602584336160978,20276
EP,2,0,best,1,train,0.5002486325211337,0.5268113268618817,0.5002486325211337,"[[220, 3802], [218, 3804]]",0.6927333082327612,0.0010957583275047963,0.9455494778717056,8044
EP,2,0,best,1,validation,0.4976326691655159,0.5150409941544114,0.4976326691655159,"[[266, 9872], [314, 9824]]",0.6933903128502519,-0.01420163095372173,0.9713947524166502,20276
EP,2,0,final,5,train,0.5492292391844853,0.5860445013885588,0.5492292391844853,"[[3299, 723], [2903, 1119]]",0.6867017875569547,0.11716138367237049,0.2289905519641969,8044
EP,2,0,final,5,validation,0.5100118366541724,0.5159312339974674,0.5100118366541724,"[[7981, 2157], [7778, 2360]]",0.6941019568153565,0.024060611729404165,0.22277569540343262,20276
EP,2,1,best,4,train,0.5599204375932372,0.5840045648980334,0.5599204375932372,"[[2586, 1436], [2104, 1918]]",0.6866372875213504,0.12152876589807526,0.4169567379413227,8044
EP,2,1,best,4,validation,0.5099625172617873,0.5144526397813156,0.5099625172617873,"[[5868, 4270], [5666, 4472]]",0.6930380743368064,0.020116665514154745,0.4311501282304202,20276
EP,2,1,final,5,train,0.5602933863749379,0.5900517689752607,0.5602933863749379,"[[2082, 1940], [1597, 2425]]",0.6838103158780142,0.12102768344501869,0.5426404773744405,8044
EP,2,1,final,5,validation,0.5102091142237127,0.5131769663084238,0.5102091142237127,"[[4191, 5947], [3984, 6154]]",0.6940633289693822,0.020812096662343,0.5968139672519235,20276
EP,2,2,best,2,train,0.4997513674788662,0.5613727000255433,0.4997513674788662,"[[7, 4015], [9, 4013]]",0.6921376324171216,-0.005580412751520209,0.9980109398309299,8044
EP,2,2,best,2,validation,0.49995068060761494,0.5162339854027053,0.49995068060761494,"[[8, 10130], [9, 10129]]",0.6936924983426697,-0.0017039880199430449,0.9991615703294535,20276
EP,2,2,final,5,train,0.5658876181004475,0.6076423962092133,0.5658876181004475,"[[1868, 2154], [1338, 2684]]",0.6772701460432793,0.1345740053479474,0.6014420686225759,8044
EP,2,2,final,5,validation,0.5094200039455514,0.5149843678250208,0.5094200039455514,"[[4190, 5948], [3999, 6139]]",0.6983189010339673,0.01919811861564329,0.5961234957585323,20276
ES,2,0,best,4,train,0.5483590253605172,0.5893705331764307,0.5483590253605172,"[[1324, 2698], [935, 3087]]",0.6858740027258492,0.10760682171460624,0.7191695673794132,8044
ES,2,0,best,4,validation,0.5119846123495758,0.5216964656725159,0.5119846123495759,"[[2850, 7288], [2607, 7531]]",0.6934941932926472,0.02702214671896069,0.7308640757545867,20276
ES,2,0,final,5,train,0.55581800099453,0.5985157528669394,0.5558180009945302,"[[3302, 720], [2853, 1169]]",0.6834222349115475,0.1316789435007821,0.2348334162108404,8044
ES,2,0,final,5,validation,0.5116886959952653,0.520689514294373,0.5116886959952653,"[[8113, 2025], [7876, 2262]]",0.6947633293364546,0.028626018854908834,0.2114322351548629,20276
ES,2,1,best,2,train,0.5307061163600199,0.5532966558122272,0.5307061163600199,"[[3551, 471], [3304, 718]]",0.6915048718274618,0.08651716826245842,0.1478120338140229,8044
ES,2,1,best,2,validation,0.5056224107318997,0.51567392959989,0.5056224107318997,"[[8913, 1225], [8799, 1339]]",0.6932131332667016,0.01691655944288617,0.12645492207536002,20276
ES,2,1,final,5,train,0.5707359522625559,0.5970092141159971,0.5707359522625559,"[[2678, 1344], [2109, 1913]]",0.6805638649877418,0.14410255243256345,0.40489806066633516,8044
ES,2,1,final,5,validation,0.5083842967054646,0.5105254530291214,0.5083842967054646,"[[6079, 4059], [5909, 4229]]",0.6957103926831741,0.017054959131048104,0.40875912408759124,20276
ES,2,2,best,2,train,0.5170313276976628,0.539537979946693,0.5170313276976629,"[[595, 3427], [458, 3564]]",0.6923228912333361,0.05049364594467766,0.8690949776230731,8044
ES,2,2,best,2,validation,0.5072006312882226,0.5168468875814801,0.5072006312882225,"[[1492, 8646], [1346, 8792]]",0.6932652510113207,0.020753833276596675,0.8600315644111265,20276
ES,2,2,final,5,train,0.5657633018398807,0.5947782596020247,0.5657633018398807,"[[1809, 2213], [1280, 2742]]",0.6812687732579399,0.13521500497575126,0.615987071108901,8044
ES,2,2,final,5,validation,0.5078911027816138,0.5113574368331351,0.5078911027816138,"[[3382, 6756], [3222, 6916]]",0.6997613695910001,0.01683838462443392,0.6742947326888933,20276
EE,2,0,best,4,train,0.5539532570860268,0.5787943783086609,0.5539532570860268,"[[1576, 2446], [1142, 2880]]",0.6860282533926669,0.11406815635855273,0.6621084037792143,8044
EE,2,0,best,4,validation,0.5002959163543105,0.5012088602419769,0.5002959163543105,"[[2900, 7238], [2894, 7244]]",0.6958085785140933,0.0006550097028606864,0.7142434405208128,20276
EE,2,0,final,5,train,0.5454997513674789,0.5799975754929192,0.5454997513674789,"[[3169, 853], [2803, 1219]]",0.6873228640208963,0.10404622081912114,0.2575832918945798,8044
EE,2,0,final,5,validation,0.5004931939238508,0.5017428844736092,0.5004931939238508,"[[7782, 2356], [7772, 2366]]",0.6992662215499182,0.0011668525007807267,0.23288617084237523,20276
EE,2,1,best,4,train,0.5584286424664346,0.578594613019739,0.5584286424664346,"[[1949, 2073], [1479, 2543]]",0.6873830563019663,0.11815294505548084,0.5738438587767279,8044
EE,2,1,best,4,validation,0.5026139277964096,0.5016857862581403,0.5026139277964096,"[[3775, 6363], [3722, 6416]]",0.6940919367530732,0.005414815695626715,0.6302525152890116,20276
EE,2,1,final,5,train,0.5605420188960716,0.5795492395009941,0.5605420188960716,"[[2091, 1931], [1604, 2418]]",0.6853192264518887,0.12148622466070391,0.5406514172053705,8044
EE,2,1,final,5,validation,0.5015782205563227,0.5017232403913,0.5015782205563227,"[[4195, 5943], [4163, 5975]]",0.6951987903971577,0.0032062479469987955,0.5877885184454528,20276
EE,2,2,best,4,train,0.531700646444555,0.5827080841547521,0.531700646444555,"[[3531, 491], [3276, 746]]",0.6883764399159079,0.08787745184244547,0.1537792143212332,8044
EE,2,2,best,4,validation,0.5,0.5007301731664288,0.5,"[[9038, 1100], [9038, 1100]]",0.6960169854137549,0.0,0.1085026632471888,20276
EE,2,2,final,5,train,0.5448781700646445,0.5854208800874158,0.5448781700646445,"[[1105, 2917], [744, 3278]]",0.6866127830285862,0.10666405522814575,0.7701392342118349,8044
EE,2,2,final,5,validation,0.4979285855198264,0.5012321675223989,0.4979285855198264,"[[1815, 8323], [1857, 8281]]",0.69693939390444,-0.0053788767336543685,0.8188991911619649,20276
