condition,pt_seed,ft_seed,role,rows,accuracy,balanced_accuracy,auroc,cross_entropy,mcc,predicted_positive_fraction,confusion_matrix
EP,0,0,source_test,20854,0.5129951088520188,0.5129951088520188,0.5185221381708995,0.6941480410642656,0.02607824365293524,0.5410472810971516,"[[4921, 5506], [4650, 5777]]"
EP,0,0,target,39893,0.6321159100594089,0.500929321207051,0.5825376047779899,0.6491366172239218,0.013838782816141555,0.004211265134234076,"[[25138, 89], [14587, 79]]"
EP,0,1,source_test,20854,0.5142418720629136,0.5142418720629136,0.5194087085827604,0.693289293705634,0.02927921676716876,0.38424283111153734,"[[6569, 3858], [6272, 4155]]"
EP,0,1,target,39893,0.6318401724613341,0.49971223110601937,0.5300939716116243,0.655964371168156,-0.008879616825907153,0.0009776151204471963,"[[25197, 30], [14657, 9]]"
EP,0,2,source_test,20854,0.5162079217416323,0.5162079217416322,0.5263293154803554,0.6935790491373367,0.03451776217816357,0.6718135609475401,"[[3591, 6836], [3253, 7174]]"
EP,0,2,target,39893,0.6319153736244454,0.4997003290850024,0.5305938754143199,0.6674314332204315,-0.011323215726389103,0.0006517434136314641,"[[25205, 22], [14662, 4]]"
EP,1,0,source_test,20854,0.5003356670183178,0.5003356670183179,0.5195196517543328,0.6932773971055719,0.002814344003358759,0.9855663182123333,"[[154, 10273], [147, 10280]]"
EP,1,0,target,39893,0.3676584864512571,0.5000198200340905,0.5003896800334026,0.7467852944902594,0.0038175095444757117,0.9999749329456296,"[[1, 25226], [0, 14666]]"
EP,1,1,source_test,20854,0.5042198139445669,0.5042198139445669,0.5059486354454382,0.6951084303366575,0.008473179846284986,0.4555480962884818,"[[5721, 4706], [5633, 4794]]"
EP,1,1,target,39893,0.632516982929336,0.5002473720264617,0.5470664238616539,0.6546879880970916,0.01375610821449297,0.00030080465244529116,"[[25224, 3], [14657, 9]]"
EP,1,2,source_test,20854,0.5110770116044884,0.5110770116044884,0.5179043717873262,0.6952942972519579,0.025578809864921472,0.7499280713532176,"[[2723, 7704], [2492, 7935]]"
EP,1,2,target,39893,0.5460356453513148,0.49216924859301947,0.48681809210551746,0.6881101567951755,-0.01650053853383039,0.29859875166069233,"[[17549, 7678], [10432, 4234]]"
EP,2,0,source_test,20854,0.49928071353217607,0.4992807135321761,0.5148263012283337,0.6934368166248305,-0.004265139265928805,0.9707010645439724,"[[298, 10129], [313, 10114]]"
EP,2,0,target,39893,0.632291379440002,0.5006969784045849,0.5995331204878441,0.6497097055210174,0.012875689335591245,0.002732308926378061,"[[25171, 56], [14613, 53]]"
EP,2,1,source_test,20854,0.5102138678430996,0.5102138678430996,0.5133270599823151,0.6930801016555899,0.02055846140561205,0.4437038457849813,"[[5907, 4520], [5694, 4733]]"
EP,2,1,target,39893,0.6269019627503573,0.49799136536282196,0.5301407201878726,0.663605870395653,-0.01673177659352309,0.013586343468778983,"[[24847, 380], [14504, 162]]"
EP,2,2,source_test,20854,0.49990409513762346,0.49990409513762346,0.5154595244183925,0.6937574316868335,-0.0039991682594940434,0.9994245708257409,"[[5, 10422], [7, 10420]]"
EP,2,2,target,39893,0.41363146416664576,0.5248804607065702,0.5329671008354194,0.7046731537146749,0.0854172515464922,0.913643997693831,"[[2640, 22587], [805, 13861]]"
ES,0,0,source_test,20854,0.5105974872926058,0.5105974872926058,0.512648974802591,0.6929872834472102,0.02141235591564902,0.4289344969789968,"[[6065, 4362], [5844, 4583]]"
ES,0,0,target,39893,0.4731155841877021,0.5021497898765558,0.49241655575096654,0.6970374987967061,0.004248559331400132,0.6091043541473441,"[[9901, 15326], [5693, 8973]]"
ES,0,1,source_test,20854,0.5120360602282535,0.5120360602282537,0.518598180508072,0.6927250698644682,0.02429271752838514,0.4327706914740577,"[[6040, 4387], [5789, 4638]]"
ES,0,1,target,39893,0.6272278344571729,0.5005897034498552,0.5367533908975451,0.6770722158319494,0.0039221955484514915,0.021482465595467876,"[[24696, 531], [14340, 326]]"
ES,0,2,source_test,20854,0.5,0.5,0.5226158050753309,0.6941426559829684,0.0,0.9999040951376235,"[[1, 10426], [1, 10426]]"
ES,0,2,target,39893,0.6323665806031133,0.5000285448493154,0.5899675106584781,0.6588547549727382,0.002749095483074656,0.00010026821748176371,"[[25225, 2], [14664, 2]]"
ES,1,0,source_test,20854,0.510453629999041,0.510453629999041,0.5143538637771455,0.696179129079683,0.02111096201271673,0.5692912630670375,"[[4600, 5827], [4382, 6045]]"
ES,1,0,target,39893,0.37066653297571,0.5000575464810882,0.4174148493036022,0.8350460648819069,0.0005260460526873235,0.9887448925876721,"[[285, 24942], [164, 14502]]"
ES,1,1,source_test,20854,0.5104056775678527,0.5104056775678527,0.5190349077235091,0.6926429571121734,0.02146201531051921,0.6221827946676897,"[[4048, 6379], [3831, 6596]]"
ES,1,1,target,39893,0.3684355651367408,0.500448699570345,0.5095925410743786,0.7168291260075372,0.01135606541972387,0.9985461108465145,"[[45, 25182], [13, 14653]]"
ES,1,2,source_test,20854,0.5072408171094275,0.5072408171094275,0.5150919458320287,0.6947088538542843,0.016477250264125054,0.7385153927304114,"[[2802, 7625], [2651, 7776]]"
ES,1,2,target,39893,0.37565487679542775,0.5019750489637009,0.4880048629330717,0.7378012368934719,0.012608792640488795,0.9766375053267491,"[[626, 24601], [306, 14360]]"
ES,2,0,source_test,20854,0.5093986765128992,0.5093986765128993,0.5243119653921321,0.6932576064470917,0.02170184591350762,0.7498801189220293,"[[2706, 7721], [2510, 7917]]"
ES,2,0,target,39893,0.6235680445190885,0.505531539609707,0.5526923633773535,0.6698117654629513,0.023880955646869248,0.052665881232296395,"[[24001, 1226], [13791, 875]]"
ES,2,1,source_test,20854,0.5116044883475592,0.5116044883475592,0.5237527104482833,0.6928584996692696,0.03397546180927895,0.13484223650139063,"[[9142, 1285], [8900, 1527]]"
ES,2,1,target,39893,0.573960343919986,0.480779930747563,0.46511936987849223,0.6893535570269035,-0.051470941445885876,0.1531095680946532,"[[21008, 4219], [12777, 1889]]"
ES,2,2,source_test,20854,0.5042677663757552,0.5042677663757552,0.5229030413798439,0.6929892837326719,0.012791321349256847,0.8723985806080369,"[[1375, 9052], [1286, 9141]]"
ES,2,2,target,39893,0.6323415135487429,0.4999944523905672,0.522140372752108,0.6722997909077153,-0.0006169242929355668,7.520116311132279e-05,"[[25225, 2], [14665, 1]]"
EE,0,0,source_test,20854,0.49995204756881173,0.49995204756881173,0.49876996748294455,0.6945236259554244,-0.006924935431770244,0.9999520475688117,"[[0, 10427], [1, 10426]]"
EE,0,0,target,39893,0.6180282255032211,0.502978182431897,0.5121267715003489,0.685944578416803,0.011681181111668415,0.06462286616699672,"[[23652, 1575], [13663, 1003]]"
EE,0,1,source_test,20854,0.5024935264217896,0.5024935264217896,0.5009857542694841,0.694333318173971,0.005173637534650143,0.633067996547425,"[[3852, 6575], [3800, 6627]]"
EE,0,1,target,39893,0.6316396360263705,0.499582215682611,0.5144006183569539,0.6672079016923086,-0.011274962849311542,0.0012784197728924875,"[[25187, 40], [14655, 11]]"
EE,0,2,source_test,20854,0.5024455739906013,0.5024455739906013,0.5038914177417961,0.6955608486574723,0.006596268857571445,0.16452479140692433,"[[8737, 1690], [8686, 1741]]"
EE,0,2,target,39893,0.579023888902815,0.5378769973603541,0.5689507713977269,0.6846210699750425,0.07741246525724735,0.3345449076279046,"[[17490, 7737], [9057, 5609]]"
EE,1,0,source_test,20854,0.49966433298168217,0.49966433298168217,0.5003934380397609,0.6942236887662102,-0.004185494355313026,0.9935264217895847,"[[64, 10363], [71, 10356]]"
EE,1,0,target,39893,0.3676083523425162,0.4999230902672789,0.5085211564687442,0.7177464006893962,-0.005599389508268104,0.9998245306194069,"[[3, 25224], [4, 14662]]"
EE,1,1,source_test,20854,0.5023017166970365,0.5023017166970365,0.503175102144841,0.6935776735273591,0.00462102660075268,0.5435887599501295,"[[4783, 5644], [4735, 5692]]"
EE,1,1,target,39893,0.551675732584664,0.48365512224955404,0.4863180301858173,0.6898886442820941,-0.03652830043236313,0.24738675958188153,"[[18683, 6544], [11341, 3325]]"
EE,1,2,source_test,20854,0.5005754291742591,0.5005754291742591,0.5025440036333291,0.6955237542038352,0.013151445067019122,0.9980819027524696,"[[26, 10401], [14, 10413]]"
EE,1,2,target,39893,0.47873060436668086,0.48393913958110213,0.4830414147464113,0.6941689209120709,-0.03101119943133953,0.5239265033965859,"[[11712, 13515], [7280, 7386]]"
EE,2,0,source_test,20854,0.5050350052747674,0.5050350052747674,0.5005090214724889,0.6957840078029901,0.011329488409721478,0.7291167162175122,"[[2877, 7550], [2772, 7655]]"
EE,2,0,target,39893,0.5677938485448575,0.4833401356079543,0.49678784629563294,0.684918794308363,-0.04133995648637223,0.1853959341237811,"[[20241, 4986], [12256, 2410]]"
EE,2,1,source_test,20854,0.5004795243118826,0.5004795243118826,0.5029452919464226,0.69395335075084,0.0009953141034344277,0.6337393305840606,"[[3824, 6603], [3814, 6613]]"
EE,2,1,target,39893,0.43263229137944,0.4827858030671574,0.4571954186330408,0.6999490246181576,-0.03602224926220863,0.6940064673000276,"[[7400, 17827], [4807, 9859]]"
EE,2,2,source_test,20854,0.5027332885777309,0.5027332885777309,0.5015912508643924,0.6958321802417419,0.009020173815291844,0.10228253572456124,"[[9389, 1038], [9332, 1095]]"
EE,2,2,target,39893,0.5721555160053142,0.4952095520877172,0.5149381148153357,0.6850406075819023,-0.011329485746403838,0.2106133908204447,"[[19825, 5402], [11666, 3000]]"
