contrast,role,metric,pt0_difference,pt1_difference,pt2_difference,mean_difference,pretraining_sample_sd,comparison_role,all_three_pt_differences_positive
EP-ES,source_test,accuracy,0.006937118378568474,-0.004155877369649359,-0.005290751574438146,-0.0008365035218396771,0.006756025677352971,primary,False
EP-ES,source_test,balanced_accuracy,0.0069371183785684005,-0.004155877369649323,-0.005290751574438164,-0.0008365035218396956,0.006756025677352926,primary,False
EP-ES,source_test,auroc,0.003465733949340503,-0.0017026861151953805,-0.009118277197072663,-0.002451743120975847,0.006325357612949192,primary,False
EP-ES,source_test,cross_entropy,0.00038712487086315733,4.9728216015528424e-05,0.0003896533727402174,0.00027550215320630106,0.00019553005233570307,primary,True
EP-ES,source_test,mcc,0.014723383051411137,-0.007394631290931927,-0.018724825063951404,-0.003798691101157398,0.017011576820461935,primary,False
EP-ES,source_test,predicted_positive_fraction,-0.088168536811483,0.08701767846296471,0.21890284837441257,0.0725839966752981,0.15404368626288087,primary,False
EP-ES,target,accuracy,0.054387152299066675,0.14381804660800976,-0.05234836521027079,0.04861894456560189,0.09821033268835368,primary,False
EP-ES,target,balanced_accuracy,-0.0008087189258845218,-0.0033482847871874797,0.012420960575379983,0.0027546522874359936,0.008467023422027061,primary,False
EP-ES,target,auroc,0.00802933149898144,0.03975398089650717,0.04089627850106081,0.02955986363218314,0.018654733217295428,primary,True
EP-ES,target,cross_entropy,-0.020144015996294784,-0.06669766280012983,-0.004492127922074947,-0.03044460223949985,0.03235674118451215,primary,False
EP-ES,target,mcc,-0.005761300033026994,-0.007805941629253899,0.03658935812683752,0.007674038821518876,0.025062260626500858,primary,False
EP-ES,target,predicted_positive_fraction,-0.20828215476399367,-0.5550180065007227,0.2413706665329757,-0.1739764982439136,0.3993011246992037,primary,False
EP-EE,source_test,accuracy,0.01285125155845405,0.004363671238131768,0.00038361944950608223,0.005866180748697301,0.006368171929449023,secondary,True
EP-EE,source_test,balanced_accuracy,0.012851251558454013,0.0043636712381318055,0.0003836194495061007,0.005866180748697307,0.006368171929448991,secondary,True
EP-EE,source_test,auroc,0.020204340913263546,0.012420038389722091,0.012855773781912494,0.015160051028299378,0.004373912626661134,secondary,True
EP-EE,source_test,cross_entropy,-0.0011338029598771209,0.00011833606559426742,-0.0017650629427727142,-0.0009268432790185225,0.00095860429182497,secondary,False
EP-EE,source_test,mcc,0.028343417212605405,0.007759785467368813,-0.003016940816086182,0.011028753954629345,0.01593369480534747,secondary,False
EP-EE,source_test,predicted_positive_fraction,-0.06681372078897733,-0.11471819954605034,0.3162302995428535,0.04489945973594193,0.23619701150520434,secondary,False
EP-EE,target,accuracy,0.022393235237593918,0.049398808479348945,0.03341438347579778,0.035068809064246885,0.013578589379966357,secondary,True
EP-EE,target,balanced_accuracy,-0.013365171358929765,0.008306362851878893,0.020744437903716068,0.005228543132221732,0.01726183917439351,secondary,False
EP-EE,target,auroc,0.015915763516301456,0.018797864866533714,0.06457318725570892,0.033095605212848024,0.027298447858752545,secondary,True
EP-EE,target,cross_entropy,-0.021747042823881586,-0.004073508833678223,-0.01730656562569255,-0.01437570576108412,0.009194069043965128,secondary,False
EP-EE,target,mcc,-0.028060911085252976,0.024737322865703015,0.05675095192784835,0.01780912123609946,0.04282829684103253,secondary,False
EP-EE,target,predicted_positive_fraction,-0.13153518996649372,-0.15742110144636903,-0.053351047385088446,-0.11410244626598372,0.05418089564390034,secondary,False
ES-EE,source_test,accuracy,0.005914133179885576,0.008519548607781128,0.005674371023944229,0.006702684270536978,0.0015780109276610315,secondary,True
ES-EE,source_test,balanced_accuracy,0.005914133179885613,0.008519548607781128,0.005674371023944265,0.006702684270537002,0.0015780109276610104,secondary,True
ES-EE,source_test,auroc,0.01673860696392304,0.014122724504917472,0.021974050978985155,0.01761179414927522,0.003997833631618063,secondary,True
ES-EE,source_test,cross_entropy,-0.001520927830740278,6.8607849578739e-05,-0.0021547163155129314,-0.0012023454322248235,0.0011453879885231198,secondary,False
ES-EE,source_test,mcc,0.013620034161194271,0.015154416758300739,0.015707884247865223,0.014827445055786745,0.0010816479865402842,secondary,True
ES-EE,source_test,predicted_positive_fraction,0.021354816022505663,-0.20173587800901505,0.09732745116844092,-0.027684536939356155,0.1554456892900681,secondary,False
ES-EE,target,accuracy,-0.031993917061472754,-0.09441923812866082,0.08576274868606858,-0.013550135501354999,0.09149599391122999,secondary,False
ES-EE,target,balanced_accuracy,-0.012556452433045243,0.011654647639066373,0.008323477328336085,0.0024738908447857386,0.013122788887917536,secondary,False
ES-EE,target,auroc,0.007886432017320014,-0.020956116029973455,0.0236769087546481,0.0035357415806648866,0.022632346449558922,secondary,False
ES-EE,target,cross_entropy,-0.0016030268275868027,0.0626241539664516,-0.012814437703617601,0.016068896478415733,0.04070587099290206,secondary,False
ES-EE,target,mcc,-0.02229961105222598,0.03254326449495692,0.020161593801010836,0.01013508241458059,0.028763404657787116,secondary,False
ES-EE,target,predicted_positive_fraction,0.07674696479749997,0.39759690505435374,-0.2947217139180642,0.05987405197792985,0.3464675871336763,secondary,False
