contrast,stage,role,metric,pretraining_seed_effects,mean,pretraining_sample_sd
EP-ES,best,train,accuracy,"[0.063276976628543, -0.020843693021713888, -0.01205867727498757]",0.010124868777280511,0.046240177899654934
EP-ES,best,train,balanced_accuracy,"[0.063276976628543, -0.020843693021713888, -0.012058677274987606]",0.010124868777280499,0.04624017789965494
EP-ES,best,train,auroc,"[0.07547093257925104, -0.013683237140200996, -0.0033388590499641526]",0.01948294546302863,0.04876210173396096
EP-ES,best,train,cross_entropy,"[-0.013088885292759164, 0.002728777071413243, 0.0006021541281953832]",-0.003252651364383512,0.008584535788611482
EP-ES,best,train,mcc,"[0.1264010373024885, -0.037815988583703324, -0.04252450814922749]",0.015353513523185895,0.0961987886735629
EP-ES,best,train,predicted_positive_fraction,"[-0.0989143046577159, 0.08847173877009779, 0.20814685894248305]",0.06590143101828831,0.15476984086664167
EP-ES,best,validation,accuracy,"[0.0075458670349180705, -0.004405865719734374, -0.005753929111593318]",-0.0008713092654698739,0.0073205847704248955
EP-ES,best,validation,balanced_accuracy,"[0.007545867034918108, -0.0044058657197343365, -0.005753929111593318]",-0.000871309265469849,0.007320584770424908
EP-ES,best,validation,auroc,"[0.004234494858050423, -0.0029632126824089924, -0.0028298878384845905]",-0.0005195352209477199,0.004117650467501605
EP-ES,best,validation,cross_entropy,"[0.0005007349853724715, 0.00019498555792100505, 4.943598635280081e-05]",0.00024838550988209244,0.0002303396682751888
EP-ES,best,validation,mcc,"[0.018096006308969258, -0.0069881564301937475, -0.020160497632651188]",-0.0030175492512918927,0.019434873667859676
EP-ES,best,validation,predicted_positive_fraction,"[-0.08527322943381334, 0.0889721838626948, 0.22811862957848358]",0.07727252800245502,0.15702316957771512
EP-ES,final,train,accuracy,"[0.013591911155312405, -0.010815514669318701, -0.0056356704790319805]",-0.0009530913310127589,0.012859841346389763
EP-ES,final,train,balanced_accuracy,"[0.013591911155312405, -0.010815514669318774, -0.005635670479032018]",-0.0009530913310127955,0.012859841346389797
EP-ES,final,train,auroc,"[0.01260810651643048, -0.015899025606141242, -0.002188186670642763]",-0.0018263685867845082,0.014257009844557002
EP-ES,final,train,cross_entropy,"[-0.0032666602017431545, 0.006189597557230438, 0.0008424587736729864]",0.0012551320430534232,0.0047416165093228406
EP-ES,final,train,mcc,"[0.02369398005894044, -0.020646663461118916, -0.012744476147920084]",-0.0032323865166995203,0.023651280172699442
EP-ES,final,train,predicted_positive_fraction,"[0.057185479860765824, -0.0023620089507707664, 0.039118183325045575]",0.031313884745013544,0.030531232585415485
EP-ES,final,validation,accuracy,"[0.005753929111593337, -0.0008384296705464441, 0.000558953113697617]",0.0018248175182481701,0.003473702361479027
EP-ES,final,validation,balanced_accuracy,"[0.005753929111593337, -0.0008384296705464441, 0.000558953113697617]",0.0018248175182481701,0.003473702361479027
EP-ES,final,validation,auroc,"[0.007645493375089167, -0.0008088678725856058, 0.0005067213247608171]",0.0024477822757547926,0.004549158629697525
EP-ES,final,validation,cross_entropy,"[-0.000943369661737877, -0.0027170578780796317, -0.00125030159730762]",-0.001636909712375043,0.0009479408463476971
EP-ES,final,validation,mcc,"[0.010133255213968524, -0.0015988408389395546, 0.0005171547989998651]",0.0030171897246762786,0.006252851383238428
EP-ES,final,validation,predicted_positive_fraction,"[0.06776484513710791, 0.0025810482014861726, 0.04040902216084699]",0.03691830516648036,0.03273179913459025
EP-EE,best,train,accuracy,"[0.0428891098955743, 0.02105088678932539, -0.0280540361345931]",0.011961986850102196,0.0363343992484164
EP-EE,best,train,balanced_accuracy,"[0.0428891098955743, 0.021050886789325356, -0.0280540361345931]",0.011961986850102182,0.0363343992484164
EP-EE,best,train,auroc,"[0.04095643816460156, 0.0184686507484156, -0.02263616123256451]",0.012262975893484218,0.0322472863172385
EP-EE,best,train,cross_entropy,"[-0.009806912730142447, -0.005224774533117982, 0.003240159520230712]",-0.003930509247676572,0.006619128760527203
EP-EE,best,train,mcc,"[0.07703851628104563, 0.038887051011262726, -0.06768481392747307]",0.016080251121611763,0.07500882059841978
EP-EE,best,train,predicted_positive_fraction,"[-0.0778634178683905, -0.12705121829935354, 0.3235952262555943]",0.03956019669595009,0.247207976085967
EP-EE,best,validation,accuracy,"[0.014697178930755542, 0.0046360228841980655, 0.0015453409613993736]",0.006959514258784326,0.006876893893240044
EP-EE,best,validation,balanced_accuracy,"[0.014697178930755561, 0.004636022884198084, 0.0015453409613993736]",0.0069595142587843386,0.0068768938932400525
EP-EE,best,validation,auroc,"[0.022591061137586244, 0.009188797604824273, 0.01403426655729545]",0.015271375099901988,0.00678623570987944
EP-EE,best,validation,cross_entropy,"[-0.001152232737123245, 0.0002756413323934022, -0.0019322050503978172]",-0.0009362654850425534,0.0011196552161176815
EP-EE,best,validation,mcc,"[0.030409366750298, 0.012429377152788202, -0.0006195929526658105]",0.014073050316806798,0.015579644770168035
EP-EE,best,validation,predicted_positive_fraction,"[-0.06687709607417631, -0.12431774840533966, 0.31623594397317023]",0.04168036649788476,0.23950037782255795
EP-EE,final,train,accuracy,"[0.028675617437427452, 0.009365158296038492, 0.008163434443891929]",0.015401403392452625,0.011511498770275734
EP-EE,final,train,balanced_accuracy,"[0.028675617437427487, 0.009365158296038381, 0.008163434443891929]",0.0154014033924526,0.011511498770275783
EP-EE,final,train,auroc,"[0.03391192218696389, 0.01659307836404167, 0.01292365716390124]",0.021142885904968933,0.011209477180680095
EP-EE,final,train,cross_entropy,"[-0.009205627547366757, -0.003961477742974839, -0.0038242080077076634]",-0.005663771099349753,0.0030681054526897865
EP-EE,final,train,mcc,"[0.05281868518623697, 0.01842036788490119, 0.013522190585788588]",0.02825374788564225,0.021414367692042597
EP-EE,final,train,predicted_positive_fraction,"[-0.051549809381733785, -0.0202221117188795, -0.06510028178352396]",-0.04562406762804575,0.023018434972567944
EP-EE,final,validation,accuracy,"[0.013086078779509458, 0.006016965870980477, 0.009880318274478864]",0.0096611209749896,0.003539650395231188
EP-EE,final,validation,balanced_accuracy,"[0.013086078779509458, 0.006016965870980477, 0.009880318274478864]",0.0096611209749896,0.003539650395231188
EP-EE,final,validation,auroc,"[0.019391725418267187, 0.00822184951762476, 0.013131425247867997]",0.013581666727919982,0.005598532839209543
EP-EE,final,validation,cross_entropy,"[-0.0016408422183432636, -0.0010613604606926803, -0.0016400730109366786]",-0.001447425229990874,0.0003343421189290385
EP-EE,final,validation,mcc,"[0.027532097487191053, 0.012719474883432664, 0.021692201097755104]",0.020647924489459606,0.00746132242476616
EP-EE,final,validation,predicted_positive_fraction,"[-0.0641809692904583, -0.02873676596304332, -0.07462024067863482]",-0.05584599197737881,0.02405051346855704
ES-EE,best,train,accuracy,"[-0.0203878667329687, 0.04189457981103928, -0.01599535885960553]",0.0018371180728216825,0.034760231760389115
ES-EE,best,train,balanced_accuracy,"[-0.0203878667329687, 0.041894579811039244, -0.015995358859605496]",0.0018371180728216825,0.03476023176038909
ES-EE,best,train,auroc,"[-0.03451449441464949, 0.032151887888616594, -0.019297302182600357]",-0.007219969569544417,0.03493562801261909
ES-EE,best,train,cross_entropy,"[0.003281972562616716, -0.007953551604531225, 0.002638005392035329]",-0.0006778578832930599,0.006309157057257729
ES-EE,best,train,mcc,"[-0.04936252102144286, 0.07670303959496605, -0.025160305778245573]",0.0007267375984258718,0.06690093911502004
ES-EE,best,train,predicted_positive_fraction,"[0.02105088678932543, -0.21552295706945132, 0.11544836731311121]",-0.026341234322338227,0.1704993086451784
ES-EE,best,validation,accuracy,"[0.0071513118958374715, 0.009041888603932438, 0.007299270072992692]",0.007830823524254201,0.0010514189821183638
ES-EE,best,validation,balanced_accuracy,"[0.007151311895837453, 0.009041888603932421, 0.007299270072992692]",0.00783082352425419,0.0010514189821183597
ES-EE,best,validation,auroc,"[0.01835656627953582, 0.012152010287233264, 0.01686415439578004]",0.01579091032084971,0.0032385210202628273
ES-EE,best,validation,cross_entropy,"[-0.0016529677224957167, 8.065577447239718e-05, -0.001981641036750618]",-0.0011846509949246457,0.0011080421708524056
ES-EE,best,validation,mcc,"[0.012313360441328747, 0.01941753358298195, 0.019540904679985375]",0.01709059956809869,0.004137670282012597
ES-EE,best,validation,predicted_positive_fraction,"[0.01839613335963704, -0.21328993226803447, 0.08811731439468666]",-0.03559216150457025,0.15778984147263425
ES-EE,final,train,accuracy,"[0.015083706282115047, 0.020180672965357194, 0.01379910492292391]",0.016354494723465385,0.003375245193619814
ES-EE,final,train,balanced_accuracy,"[0.015083706282115084, 0.020180672965357156, 0.013799104922923947]",0.016354494723465392,0.003375245193619772
ES-EE,final,train,auroc,"[0.02130381567053341, 0.03249210397018291, 0.015111843834544003]",0.022969254491753438,0.008809008198772424
ES-EE,final,train,cross_entropy,"[-0.0059389673456236025, -0.010151075300205278, -0.00466666678138065]",-0.0069189031424031775,0.0028705208281244975
ES-EE,final,train,mcc,"[0.02912470512729653, 0.03906703134602011, 0.02626666673370867]",0.03148613440234177,0.00671897274274939
ES-EE,final,train,predicted_positive_fraction,"[-0.1087352892424996, -0.017860102768108732, -0.10421846510856954]",-0.07693795237305928,0.05121273924057452
ES-EE,final,validation,accuracy,"[0.007332149667916121, 0.006855395541526921, 0.009321365160781248]",0.00783630345674143,0.0013080060484804792
ES-EE,final,validation,balanced_accuracy,"[0.007332149667916121, 0.006855395541526921, 0.009321365160781248]",0.00783630345674143,0.0013080060484804792
ES-EE,final,validation,auroc,"[0.01174623204317802, 0.009030717390210366, 0.01262470392310718]",0.011133884452165189,0.0018736093453079617
ES-EE,final,validation,cross_entropy,"[-0.0006974725566053867, 0.0016556974173869514, -0.00038977141362905865]",0.0001894844823841687,0.0012790642190384112
ES-EE,final,validation,mcc,"[0.01739884227322253, 0.014318315722372221, 0.021175046298755235]",0.01763073476478333,0.003434242150024972
ES-EE,final,validation,predicted_positive_fraction,"[-0.13194581442756623, -0.031317814164529494, -0.11502926283948182]",-0.09276429714385918,0.05388223392088407
