condition,stage,role,metric,pretraining_seed_values,within_pretraining_sft_sample_sd,mean,pretraining_sample_sd
EP,best,train,accuracy,"[0.575542847671142, 0.5414801922758165, 0.5199734791977457]","[0.00462705945705546, 0.034166019829298795, 0.034595974215490884]",0.5456655063815681,0.028020105616429716
EP,best,train,balanced_accuracy,"[0.575542847671142, 0.5414801922758163, 0.5199734791977457]","[0.00462705945705546, 0.03416601982929877, 0.034595974215490884]",0.545665506381568,0.028020105616429727
EP,best,train,auroc,"[0.6126345708581254, 0.5797870023341701, 0.5573961972618194]","[0.008936056975571345, 0.028425346099805546, 0.028803229852525317]",0.5832725901513717,0.027783654749057713
EP,best,train,cross_entropy,"[0.6792958208575742, 0.6860727843174428, 0.6905027427237443]","[0.0024379602260326855, 0.005475575982419506, 0.003360805760620578]",0.685290449299587,0.005644272361317523
EP,best,train,mcc,"[0.15492483940946922, 0.09096033715385991, 0.039014703824686615]","[0.007098204947277134, 0.06609099662207321, 0.07153719763142374]",0.09496662679600526,0.05805882921953596
EP,best,train,predicted_positive_fraction,"[0.5139648599370131, 0.7048317586606995, 0.7868390518813194]","[0.1349498292559074, 0.2769633577804617, 0.32139966688210725]",0.6685452234930107,0.1400093412354028
EP,best,validation,accuracy,"[0.514401262576445, 0.505934766883672, 0.5025152890116393]","[0.002599932008896667, 0.004316597466120139, 0.0065528009826925585]",0.5076171061572521,0.00611896976372555
EP,best,validation,balanced_accuracy,"[0.514401262576445, 0.505934766883672, 0.5025152890116393]","[0.002599932008896667, 0.004316597466120178, 0.0065528009826925585]",0.5076171061572521,0.00611896976372555
EP,best,validation,auroc,"[0.5201816124436157, 0.512671981719023, 0.5152425397794774]","[0.0017849939971098332, 0.0044427722894629556, 0.0009076141993977737]",0.5160320446473721,0.0038165595576721803
EP,best,validation,cross_entropy,"[0.6938502381841068, 0.6947038767326158, 0.6933736285099094]","[0.0006957519589715571, 0.00121637992921451, 0.0003275308691894897]",0.6939759144755441,0.0006739703117908529
EP,best,validation,mcc,"[0.029656091160339456, 0.014649630673268528, 0.0014036821801633236]","[0.0048466820797752365, 0.005833121768866232, 0.01736892566247946]",0.015236468004590435,0.014135343534412561
EP,best,validation,predicted_positive_fraction,"[0.5313671335569147, 0.724156638390215, 0.8005688169921746]","[0.14503647641303663, 0.27027417169404533, 0.32022706748351426]",0.6853641963131015,0.13873004996331595
EP,final,train,accuracy,"[0.5803497430797281, 0.5646444554947787, 0.5584700812199569]","[0.008277384533166829, 0.0051377370262982855, 0.00847754258574257]",0.5678214265981545,0.011280503526804353
EP,final,train,balanced_accuracy,"[0.5803497430797281, 0.5646444554947786, 0.5584700812199569]","[0.008277384533166829, 0.005137737026298331, 0.00847754258574257]",0.5678214265981545,0.011280503526804368
EP,final,train,auroc,"[0.6195382857403788, 0.5995353089913317, 0.5945795555243443]","[0.010097430019979496, 0.0030926845523542275, 0.011488816451078018]",0.6045510500853516,0.013213735185059495
EP,final,train,cross_entropy,"[0.6765788680835682, 0.6820545469548263, 0.682594083159416]","[0.003384781031322225, 0.0015461149295959975, 0.004832016342062873]",0.6804091660659369,0.0033280868084109394
EP,final,train,mcc,"[0.1675694340245244, 0.13661279442251936, 0.12425435748844553]","[0.021611796261187366, 0.005997131693455588, 0.00914376385527787]",0.1428121953118298,0.022313076712353667
EP,final,train,predicted_positive_fraction,"[0.46771921100613295, 0.4966848997182165, 0.4576910326537378]","[0.1637553002907874, 0.19766619022316184, 0.20023071488672384]",0.47403171445936243,0.02024885656144156
EP,final,validation,accuracy,"[0.5130203195896627, 0.5078911027816138, 0.5098803182744788]","[0.001957302705956248, 0.0026139277964095653, 0.00041066600896941046]",0.510263913548585,0.0025860346607751296
EP,final,validation,balanced_accuracy,"[0.5130203195896627, 0.5078911027816138, 0.5098803182744788]","[0.001957302705956248, 0.0026139277964095653, 0.00041066600896941046]",0.510263913548585,0.0025860346607751296
EP,final,validation,auroc,"[0.5191017570987849, 0.5132182847182999, 0.514697522710304]","[0.002774167836033095, 0.004699570169369582, 0.001399359752031298]",0.5156725215091296,0.0030605193687127815
EP,final,validation,cross_entropy,"[0.6950954721117738, 0.6951554999698107, 0.6954947289395687]","[0.0016473223354061596, 0.0007842806011128131, 0.002445881035885899]",0.6952485670070511,0.00021528494768729184
EP,final,validation,mcc,"[0.027102629047510523, 0.017042151010442104, 0.021356942335796814]","[0.0031010149386401444, 0.006032034469074207, 0.0024766110769060996]",0.021833907464583146,0.005047170136238982
EP,final,validation,predicted_positive_fraction,"[0.4872427171697245, 0.5153218912343, 0.4719043861379628]","[0.17338636485550873, 0.21314358065816683, 0.21575205120240848]",0.4914896648473291,0.02201811437498335
ES,best,train,accuracy,"[0.512265871042599, 0.5623238852975302, 0.5320321564727333]","[0.018917460436157565, 0.017384878252227943, 0.015705888927379966]",0.5355406376042875,0.025212760215307193
ES,best,train,balanced_accuracy,"[0.512265871042599, 0.5623238852975302, 0.5320321564727334]","[0.018917460436157565, 0.01738487825222798, 0.01570588892737991]",0.5355406376042876,0.025212760215307183
ES,best,train,auroc,"[0.5371636382788744, 0.5934702394743712, 0.5607350563117836]","[0.025690078358906035, 0.01916374144428644, 0.025735543356271175]",0.563789644688343,0.028277309227715416
ES,best,train,cross_entropy,"[0.6923847061503334, 0.6833440072460295, 0.6899005885955489]","[0.0009587862743537891, 0.00644081641919677, 0.003511030370368015]",0.6885431006639706,0.004670721494893064
ES,best,train,mcc,"[0.028523802106980717, 0.12877632573756323, 0.0815392119739141]","[0.03529542317740948, 0.03270639841658885, 0.0288801618458014]",0.07961311327281935,0.050154007972742276
ES,best,train,predicted_positive_fraction,"[0.612879164594729, 0.6163600198906017, 0.5786921929388363]","[0.33518123800283767, 0.07174427000063785, 0.3806083167834761]",0.6026437924747223,0.020815581390950702
ES,best,validation,accuracy,"[0.5068553955415269, 0.5103406326034063, 0.5082692181232327]","[0.005982911889572208, 0.0036544083426673602, 0.0033129761127961357]",0.5084884154227219,0.0017529275331433492
ES,best,validation,balanced_accuracy,"[0.5068553955415269, 0.5103406326034063, 0.5082692181232328]","[0.005982911889572174, 0.0036544083426673602, 0.003312976112796216]",0.5084884154227219,0.0017529275331433422
ES,best,validation,auroc,"[0.5159471175855653, 0.515635194401432, 0.518072427617962]","[0.0015655934889606052, 0.001233519761709343, 0.003192835177751143]",0.5165515798683198,0.0013262946227719692
ES,best,validation,cross_entropy,"[0.6933495031987342, 0.6945088911746948, 0.6933241925235566]","[0.0007655236488134156, 0.001655905747712417, 0.00014951341392866426]",0.6937275289656619,0.0006767978530167791
ES,best,validation,mcc,"[0.0115600848513702, 0.021637787103462272, 0.021564179812814513]","[0.016098421700841758, 0.007018656789268031, 0.005101295882436147]",0.01825401725588233,0.0057972323384044445
ES,best,validation,predicted_positive_fraction,"[0.616640362990728, 0.6351844545275201, 0.572450187413691]","[0.3319570001666241, 0.08841952001643022, 0.39160553182969154]",0.6080916683106464,0.032228980795663664
ES,final,train,accuracy,"[0.5667578319244158, 0.5754599701640974, 0.5641057516989889]","[0.017868273275202008, 0.019417626859392495, 0.007595848988821223]",0.5687745179291673,0.005939683162397946
ES,final,train,balanced_accuracy,"[0.5667578319244158, 0.5754599701640974, 0.5641057516989889]","[0.017868273275202008, 0.019417626859392495, 0.0075958489888211635]",0.5687745179291673,0.005939683162397946
ES,final,train,auroc,"[0.6069301792239483, 0.615434334597473, 0.5967677421949871]","[0.009353850159085433, 0.01898203373390959, 0.0018804109903948802]",0.6063774186721361,0.00934556451750594
ES,final,train,cross_entropy,"[0.6798455282853113, 0.6758649493975959, 0.681751624385743]","[0.004608390509991003, 0.007422519487274448, 0.001489103275144102]",0.6791540340228833,0.003003640930645207
ES,final,train,mcc,"[0.143875453965584, 0.15725945788363824, 0.13699883363636559]","[0.020136428377835216, 0.035193998079633027, 0.0064010193126002365]",0.14604458182852928,0.010303012204527727
ES,final,train,predicted_positive_fraction,"[0.4105337311453671, 0.4990469086689872, 0.4185728493286922]","[0.20944373004408626, 0.18143004573886917, 0.19094443444169193]",0.4427178297143488,0.04894773444399422
ES,final,validation,accuracy,"[0.5072663904780693, 0.5087295324521602, 0.5093213651607812]","[0.00195191010586508, 0.0014729911741041429, 0.002064945888287458]",0.508439096030337,0.0010578257053918867
ES,final,validation,balanced_accuracy,"[0.5072663904780693, 0.5087295324521602, 0.5093213651607812]","[0.00195191010586508, 0.0014729911741041429, 0.002064945888287458]",0.508439096030337,0.0010578257053918867
ES,final,validation,auroc,"[0.5114562637236958, 0.5140271525908854, 0.5141908013855432]","[0.0037984634394107905, 0.003379785351204077, 0.0056434033495825165]",0.5132247392333747,0.0015337289373448693
ES,final,validation,cross_entropy,"[0.6960388417735116, 0.6978725578478904, 0.6967450305368762]","[0.0013149211089454865, 0.003136892295034507, 0.002654799090844618]",0.696885476719426,0.0009248905383900248
ES,final,validation,mcc,"[0.016969373833542, 0.018640991849381658, 0.020839787536796953]","[0.006431076893705436, 0.0032561339743889966, 0.006743943559490138]",0.01881671773990687,0.0019411814057518145
ES,final,validation,predicted_positive_fraction,"[0.4194778720326166, 0.5127408430328139, 0.4314953639771158]","[0.24893471858244295, 0.20908333477419905, 0.2322673574979824]",0.4545713596808487,0.05073333838054554
EE,best,train,accuracy,"[0.5326537377755677, 0.5204293054864909, 0.5480275153323388]","[0.02969320189368136, 0.031621407517773766, 0.014315455086547385]",0.5337035195314658,0.013829021222600204
EE,best,train,balanced_accuracy,"[0.5326537377755677, 0.5204293054864909, 0.5480275153323388]","[0.02969320189368136, 0.031621407517773766, 0.014315455086547385]",0.5337035195314658,0.013829021222600204
EE,best,train,auroc,"[0.571678132693524, 0.5613183515857546, 0.580032358494384]","[0.018840940407167345, 0.018189257351391916, 0.002319398068428236]",0.5710096142578874,0.009374897403073065
EE,best,train,cross_entropy,"[0.6891027335877169, 0.6912975588505607, 0.6872625832035136]","[0.0036803467057501408, 0.0025910735223437305, 0.0011787197769490053]",0.6892209585472636,0.002020084150192888
EE,best,train,mcc,"[0.07788632312842358, 0.05207328614259719, 0.10669951775215969]","[0.05202056005229043, 0.05358942661823931, 0.016427842174395798]",0.07888637567439348,0.027326843465472133
EE,best,train,predicted_positive_fraction,"[0.5918282778054036, 0.831882976960053, 0.46324382562572514]","[0.39653555642862887, 0.2713288989162247, 0.2716135429493607]",0.6289850267970606,0.18710738620066583
EE,best,validation,accuracy,"[0.49970408364568947, 0.5012987439994739, 0.50096994805024]","[0.0003556471962383007, 0.0023808209812619377, 0.0014313957092812865]",0.5006575918984678,0.0008419680428290904
EE,best,validation,balanced_accuracy,"[0.49970408364568947, 0.5012987439994739, 0.50096994805024]","[0.00035564719623833147, 0.00238082098126192, 0.0014313957092812865]",0.5006575918984678,0.0008419680428290904
EE,best,validation,auroc,"[0.4975905513060295, 0.5034831841141988, 0.501208273222182]","[0.0033448344185636357, 0.0024648619871991875, 0.00047780681630425287]",0.5007606695474701,0.0029717069404956264
EE,best,validation,cross_entropy,"[0.69500247092123, 0.6944282354002224, 0.6953058335603072]","[0.000844639736817755, 0.0010141245816438816, 0.0010564172721591297]",0.6949121799605865,0.00044571176316820203
EE,best,validation,mcc,"[-0.0007532755899585441, 0.002220253520480326, 0.0020232751328291337]","[0.0009729102937115071, 0.005571662762207359, 0.0029553629167221426]",0.0011634176877836386,0.001662824393015381
EE,best,validation,predicted_positive_fraction,"[0.5982442296310909, 0.8484743867955548, 0.4843328730190044]","[0.4173391596786453, 0.257543819135499, 0.32817659699187673]",0.6436838298152167,0.18627487340631665
EE,final,train,accuracy,"[0.5516741256423007, 0.5552792971987403, 0.550306646776065]","[0.009492369399146406, 0.0023001307950236503, 0.008869539032850855]",0.5524200232057019,0.0025688685131491427
EE,final,train,balanced_accuracy,"[0.5516741256423007, 0.5552792971987404, 0.550306646776065]","[0.009492369399146426, 0.0023001307950236516, 0.008869539032850855]",0.552420023205702,0.0025688685131492047
EE,final,train,auroc,"[0.5856263635534149, 0.5829422306272901, 0.5816558983604431]","[0.0010545479214670323, 0.003794302990740703, 0.003268266642081525]",0.5834081641803827,0.002025825515456189
EE,final,train,cross_entropy,"[0.6857844956309349, 0.6860160246978011, 0.6864182911671236]","[0.0016372585807283239, 0.0010148157482495481, 0.0010158795155509296]",0.6860729371652865,0.0003207077597122348
EE,final,train,mcc,"[0.11475074883828744, 0.11819242653761815, 0.11073216690265693]","[0.01043034478912104, 0.0013690185550345134, 0.009404817007567245]",0.1145584474261875,0.003733845648936181
EE,final,train,predicted_positive_fraction,"[0.5192690203878668, 0.5169070114370959, 0.5227913144372617]","[0.26807005099119546, 0.21388868234219405, 0.2567443007241795]",0.5196557820874083,0.0029611558399743067
EE,final,validation,accuracy,"[0.4999342408101532, 0.5018741369106333, 0.5]","[0.0017927672624732714, 0.002358581022138193, 0.0018741369106332574]",0.5006027925735955,0.0011015073241930412
EE,final,validation,balanced_accuracy,"[0.4999342408101532, 0.5018741369106333, 0.5]","[0.0017927672624732714, 0.002358581022138193, 0.0018741369106332574]",0.5006027925735955,0.0011015073241930412
EE,final,validation,auroc,"[0.4997100316805177, 0.504996435200675, 0.501566097462436]","[0.0009564599329406882, 0.0010262595278448462, 0.00028935855980487897]",0.5020908547812096,0.0026819849416407746
EE,final,validation,cross_entropy,"[0.6967363143301171, 0.6962168604305035, 0.6971348019505054]","[0.0009334830232051883, 0.0019396827599883469, 0.0020407442941147765]",0.6966959922370419,0.0004602972538787531
EE,final,validation,mcc,"[-0.000429468439680531, 0.004322676127009439, -0.00033525876195828207]","[0.004387510915822213, 0.005615263469746559, 0.004485347827072674]",0.001185982975123542,0.002716864334607093
EE,final,validation,predicted_positive_fraction,"[0.5514236864601828, 0.5440586571973434, 0.5465246268165976]","[0.322210989911334, 0.27455230138536685, 0.29517765254214345]",0.5473356568247079,0.003748898673765651
